main_twitter_link,uid
https://twitter.com/x01010111,3110
https://twitter.com/Jar_coding,4970
https://twitter.com/ClassicGJ,4655
https://twitter.com/1029chrisB,9626
https://twitter.com/1CCGames,8181
https://twitter.com/12amstatic,8278
https://twitter.com/1f1n1ty_,6444
https://twitter.com/2darray,9650
https://twitter.com/3DI70R,565
https://twitter.com/3dmethods,7868
https://twitter.com/3strakgames,3977
https://twitter.com/3HalvesGames,6623
https://twitter.com/6EyesStudioLLC,6788
https://twitter.com/3xBlast,2834
https://twitter.com/pbserenade,6014
https://twitter.com/RJMouseling,8991
https://twitter.com/LittleExtraGame,6139
https://twitter.com/aaronareed,1416
https://twitter.com/deadbraingaming,7191
https://twitter.com/RobinsonSRL,8330
https://twitter.com/abockley,1768
https://twitter.com/acosmos,2682
https://twitter.com/acornbringer,8535
https://twitter.com/_fahr,6443
https://twitter.com/FinjiCo,6070
https://twitter.com/adamgryu,8023
https://twitter.com/rooksfeather,484
https://twitter.com/adirosette,7689
https://twitter.com/leDrien,712
https://twitter.com/adrielbeaver,5054
https://twitter.com/adventislands,9718
https://twitter.com/AdventureBoxRPG,9472
https://twitter.com/aecswin,6448
https://twitter.com/aekashics,2791
https://twitter.com/aefreedman,2762
https://twitter.com/aeondreamstudio,8228
https://twitter.com/aeiowu,3718
https://twitter.com/matildepark_,201
https://twitter.com/AethericGames,3268
https://twitter.com/TaeckerWyss,8841
https://twitter.com/Ahr_Ech,8983
https://twitter.com/ahintoflime,3803
https://twitter.com/aiousgame,6626
https://twitter.com/aikoncwd,8417
https://twitter.com/bitter_aishin,5633
https://twitter.com/Airdorf,9466
https://twitter.com/akirassasin_dev,5788
https://twitter.com/ChromatoseDev,7522
https://twitter.com/albatrosssoup,4411
https://twitter.com/HorrorVale,8978
https://twitter.com/Albattr,93
https://twitter.com/alce_x,6286
https://twitter.com/aleema,8396
https://twitter.com/aldiansolkai,2117
https://twitter.com/AlessiaIP,8498
https://twitter.com/ALEX_FC3,9197
https://twitter.com/TheDwarfRun,3366
https://twitter.com/AlexKalopsia,6981
https://twitter.com/AlexTaillef,919
https://twitter.com/alextomkow,7882
https://twitter.com/alicemrendell,5975
https://twitter.com/UnboundTheGame,9338
https://twitter.com/Alienplay_Games,9083
https://www.twitter.com/AllFenom,3274
https://twitter.com/AllFenom,8269
https://twitter.com/JanoschMitDip,6773
https://twitter.com/almostgames,7945
https://twitter.com/theallshar,5845
https://twitter.com/alt254,6789
https://twitter.com/altergaze,5670
https://twitter.com/alterisateur,25
https://twitter.com/altfuture,8822
https://twitter.com/Amanita_Design,8849
https://twitter.com/Amegpo1,5425
https://twitter.com/AnthonyAmici,7506
https://twitter.com/am_blacksheep,9828
https://twitter.com/anarkisgaming,458
https://twitter.com/andimlenny,3761
https://twitter.com/Andrade_Games,2903
https://twitter.com/andrewbrophy,9023
https://twitter.com/theundervault,9575
https://twitter.com/andy_makes,2961
https://twitter.com/andyman404,1500
https://twitter.com/angrysquirrels_,9028
https://twitter.com/angus_beer,4182
https://twitter.com/anim_ace,531
https://twitter.com/annekatran,1154
https://twitter.com/statelycoach,1363
https://twitter.com/ansdor,273
https://twitter.com/AnOtterTeam,7421
https://twitter.com/anthrodi,238
https://twitter.com/Antler_Studios,4607
https://twitter.com/elbloco80,4088
https://twitter.com/antoined73,4401
https://twitter.com/AntonTesh,1793
https://twitter.com/ApapappaGames,3024
https://twitter.com/svdvorak,5643
https://twitter.com/ApeStudioDevs,4756
https://twitter.com/AploveStudio,1138
https://twitter.com/AppleCiderTeam,2743
https://twitter.com/evonture,2615
https://twitter.com/aprilthegame,4181
https://twitter.com/Aquiluslupus,8640
https://twitter.com/LikeArcade,2754
https://twitter.com/argent_games,4471
https://twitter.com/arian_behfar,4824
https://twitter.com/armoafro,7449
https://twitter.com/aronsoos,5275
https://twitter.com/arthurmhamer,8134
https://twitter.com/artofsully,7762
https://twitter.com/ArtridgeGames,1870
https://twitter.com/artsybarrels,387
https://twitter.com/Asterranaut,5111
https://twitter.com/Ata_Dogan1,6333
https://twitter.com/paigemarincak,5625
https://twitter.com/audilisofficial,6896
https://twitter.com/autophagyDev,3080
https://twitter.com/autumnotopiadev,4233
https://twitter.com/autumnpioneer,1781
https://twitter.com/AweKteaM,4152
https://twitter.com/AwkwardnautPlay,8357
https://twitter.com/AxolStudio,3425
https://twitter.com/axoonaa,7072
https://twitter.com/ayolland,341
https://twitter.com/joyployofficial,3692
https://twitter.com/AzaGameStudio,292
https://twitter.com/babylon_brooks,6509
https://twitter.com/BabyRobotGames,2399
https://twitter.com/MatLessmiller,578
https://twitter.com/PixelShorts,2625
https://twitter.com/bakumoe,7301
https://twitter.com/bakudas,8295
https://twitter.com/Bananaft,6990
https://twitter.com/BustedKeyboards,8924
https://twitter.com/Seedlings_game,3614
https://twitter.com/Basically_Games,8463
https://twitter.com/barkScript,7386
https://twitter.com/bauxitedev,3656
https://twitter.com/BarlesCharkley3,8583
https://twitter.com/bear_cabin,502
https://twitter.com/beardybard,6470
https://twitter.com/BeansOnions,9434
https://twitter.com/barend_harris,5263
https://twitter.com/bears_in_mind,6984
https://twitter.com/beatfustudio,963
https://twitter.com/Bearwaves,4892
https://twitter.com/becklespinax,2059
https://twitter.com/AlexChahill,3475
https://twitter.com/ellalowgren,777
https://twitter.com/gamesbyben,5019
https://twitter.com/flamingspatula,1158
https://twitter.com/benjamin_soule_,1252
https://twitter.com/benjaminrivers,5084
https://twitter.com/BenSchw43466873,4880
https://twitter.com/alonelybeard,2592
https://twitter.com/doomgender,6818
https://twitter.com/BenstarDEV,9255
https://twitter.com/bertramfiddle,4134
https://twitter.com/Besiuk,2136
https://twitter.com/bespoke_games,138
https://twitter.com/beto_138,9186
https://twitter.com/Beurkeek,621
https://twitter.com/BigCowStudios,9676
https://twitter.com/bigmess_game,3565
https://twitter.com/bigbadgameco,9343
https://twitter.com/PlayIsleward,7550
https://twitter.com/biggestboss__,2810
https://twitter.com/bigstepsvn,8337
https://twitter.com/bilexth,613
https://twitter.com/bincurlgames,6192
https://twitter.com/indiebinsou,3283
https://twitter.com/DAdoniou,5684
https://twitter.com/kyonedelenbosch,1622
https://twitter.com/bird_pun,3371
https://twitter.com/bird_robot,9394
https://twitter.com/BlackChiliGoat,7093
https://twitter.com/TheManixTorres,9689
https://twitter.com/BlackseaOdyssey,3180
https://twitter.com/Blarfnip,8066
https://twitter.com/NoaCalice,1710
https://twitter.com/bleetdev,6390
https://twitter.com/blauwprintgames,4850
https://twitter.com/blendogames,8259
https://twitter.com/bloom_digital_,8188
https://twitter.com/BlueTheLemon,281
https://twitter.com/hdyar,5330
https://twitter.com/JJ_Barcelo,6591
https://twitter.com/bluntgames,4609
https://twitter.com/bnhw,296
https://twitter.com/BreoganHackett,2571
https://twitter.com/bobastudios,3290
https://twitter.com/bobby2hands,5369
https://twitter.com/bobcgames,9229
https://twitter.com/boensaw,2214
https://twitter.com/blekdar,5555
https://twitter.com/boneoctopus,7032
https://twitter.com/BoomfireGames,3490
https://twitter.com/BOONdev,4366
https://twitter.com/GFaguet,1579
https://twitter.com/BornFrustratedz,6213
https://twitter.com/borodargames,8972
https://twitter.com/WestOfTimeGame,9955
https://twitter.com/BoundByBlades,8754
https://twitter.com/BoyAndWitch,7938
https://twitter.com/boyslaughplus,8724
https://twitter.com/huminaboz,3844
https://twitter.com/bphennessy,1070
https://twitter.com/IneptConcepts,661
https://twitter.com/threadsmind,1387
https://twitter.com/bravemule,2179
https://twitter.com/BreakingBytesHQ,2780
https://twitter.com/thecrystalstory,2728
https://twitter.com/BrianIsCreative,8818
https://twitter.com/bridgs_dev,3489
https://twitter.com/BrodyBr,4391
https://twitter.com/brightfuturebcn,5443
https://twitter.com/brokenrules,8288
https://twitter.com/BromioDev,9915
https://twitter.com/robert_nally,6031
https://twitter.com/NotBrunoAgain,5551
https://twitter.com/brunokerotan,5575
https://twitter.com/brwarner92,1866
https://twitter.com/brushfiregames,4771
https://twitter.com/bucketdrumgames,3853
https://twitter.com/BULLWAREsocial,8008
https://twitter.com/bureaubureau,2217
https://twitter.com/BynineB,9502
https://twitter.com/BoobooBouchard,9030
https://twitter.com/cacareco_games,1708
https://twitter.com/caeth_eri,5254
https://twitter.com/cactusmancer,641
https://twitter.com/cakeknuckles,6661
https://twitter.com/CaliburnStudio,1199
https://twitter.com/callmerizzoli,6229
https://twitter.com/codeofthevoid,2413
https://twitter.com/camel504games,2048
https://twitter.com/candleknights,5585
https://twitter.com/tooManyWes,1879
https://twitter.com/Cap_Squared,9624
https://twitter.com/IndieGameNews1,6193
https://twitter.com/captiveaudienc3,1255
https://twitter.com/cardboardcompy,9351
https://twitter.com/cardboardkeep,9015
https://twitter.com/carebotgames,3665
https://twitter.com/carrogath,9272
https://twitter.com/cascadiagames,1339
https://twitter.com/CasperLiden,4370
https://twitter.com/casiopeawave,5978
https://twitter.com/catalopegames,4842
https://twitter.com/CatapultGamesVR,9247
https://twitter.com/cathroon,8753
https://twitter.com/filmcow,1872
https://twitter.com/CatNigiri,7500
https://twitter.com/catroomdrama,4541
https://twitter.com/cattsmall,1765
https://twitter.com/catsoftstudios,749
https://twitter.com/mercurylegba,4845
https://twitter.com/cbGameDev,202
https://twitter.com/cerealceec,9909
https://twitter.com/celdavison,1502
https://twitter.com/celianna_c,6775
https://twitter.com/Centicerise,1885
https://twitter.com/cerclegames,655
https://twitter.com/Zen_Benjamin,3078
https://twitter.com/cervine_prince,3926
https://twitter.com/ChaosMindsGames,9614
https://twitter.com/CharlieBehan,6897
https://twitter.com/chase_bass,2654
https://twitter.com/KateMcNamaras,1893
https://twitter.com/ValiantCheese,7387
https://twitter.com/Cheratomo,2742
https://twitter.com/SpecimenGirl,3955
https://twitter.com/SchieppenStudio,2604
https://twitter.com/chiropteram,1684
https://twitter.com/Choko_Games,7128
https://twitter.com/ChopChopGames,6197
https://twitter.com/chordshoreaudio,8895
https://twitter.com/jelpiparade,4817
https://twitter.com/chrisdougherty_,9014
https://twitter.com/chromacool,4151
https://twitter.com/ChronoDave,7815
https://twitter.com/chrstphfr,5152
https://twitter.com/chukobyte,1640
https://twitter.com/chymesoo,3401
https://twitter.com/CHz16,5200
https://twitter.com/devilscalc,649
https://twitter.com/Citrushistrix,446
https://twitter.com/ckunzelman,172
https://twitter.com/classheikki,9751
https://twitter.com/clarissimo_,5246
https://twitter.com/claygamestudio,7370
https://twitter.com/KatoTheGame,6410
https://twitter.com/CloudtrailGame,5132
https://twitter.com/DaFluffyPotato,6529
https://twitter.com/cabireta,1031
https://twitter.com/Coconut_Island,1051
https://twitter.com/cognitiveforge,5199
https://twitter.com/ColeChittim,7468
https://twitter.com/colejefferies,1824
https://twitter.com/colestia3,4097
https://twitter.com/Lechooga,3525
https://twitter.com/comfy_fox,9723
https://twitter.com/concrete_games,7682
https://twitter.com/spdrcstl,5829
https://twitter.com/Morrisbelfrage,4244
https://twitter.com/teg5511,3001
https://twitter.com/Coppola_Emilio,8873
https://twitter.com/ElectroJamGame,3405
https://www.twitter.com/bengelinas,5035
https://twitter.com/mytoboggan,3263
https://twitter.com/CoreyVanHoosen,4036
https://twitter.com/kalobrienz,5905
https://twitter.com/CorianderGames,1333
https://twitter.com/clmntcln,4600
https://twitter.com/Corvaena,1464
https://twitter.com/ghostsofcrows,7338
https://twitter.com/CosmicCrystal_,1482
https://twitter.com/CosmicNobab,9410
https://twitter.com/cowboystarshine,5552
https://twitter.com/cozygamepals,3726
https://twitter.com/CowThing,6397
https://twitter.com/cozyladart,5026
https://twitter.com/craigperko,672
https://twitter.com/CraveCraw,5361
https://twitter.com/HolgerTheDev,3060
https://twitter.com/crescendotto,5189
https://twitter.com/cricketbat_,9486
https://twitter.com/cristvit,4961
https://twitter.com/critterdust,4027
https://twitter.com/Croteam,5477
https://twitter.com/crowbarska,1653
https://twitter.com/CrunchyLeafGame,8916
https://twitter.com/CrystalGameWork,9673
https://twitter.com/_chelcd,1508
https://twitter.com/csr_studios,4015
https://twitter.com/Curseonosphere,3607
https://twitter.com/lowpolycurls,333
https://twitter.com/Cyberpangames,3993
https://twitter.com/PrinceBakura,6582
https://twitter.com/GamesByMilu,1185
https://twitter.com/CynApGames,9785
https://twitter.com/daffodildil,9772
https://twitter.com/DanTwoHundred,1161
https://twitter.com/DancingEngie,1230
https://twitter.com/Dangen_Ent,352
https://twitter.com/DanDavisGames,162
https://twitter.com/texsuo132,4764
https://twitter.com/danielkimaudio,5884
https://twitter.com/danielsound,8081
https://twitter.com/moomaster3,7681
https://twitter.com/DanielNora999,2526
https://twitter.com/danisoriarev,9669
https://twitter.com/danny_mator,8215
https://twitter.com/DareLooks,5375
https://twitter.com/darkchibishadow,1263
https://twitter.com/DarkFalzXL,8343
https://twitter.com/darkgodone,2838
https://twitter.com/DarknessDwells_,2942
https://twitter.com/darknetfoxes,2450
https://twitter.com/_sinsystem_,2318
https://twitter.com/NobleGStudio,5239
https://twitter.com/davemakes,5007
https://twitter.com/davidczar_,1751
https://twitter.com/DavidKayConrad,8427
https://twitter.com/DavidJayIndie,4808
https://twitter.com/davidoreilly,2069
https://twitter.com/davidpixel,3387
https://twitter.com/dazlog,2321
https://twitter.com/Croubble,8937
https://twitter.com/ddanielleelias,520
https://twitter.com/ddrkirbyisq,5178
https://twitter.com/deadgenre,9059
https://twitter.com/DecadeDecaf,3365
https://twitter.com/lucklessseven,2918
https://twitter.com/Deconstructeam,4897
https://twitter.com/deepnightfr,7088
https://twitter.com/DeerbellGames,8806
https://twitter.com/DejiNyucu,2586
https://twitter.com/EscadaGames,795
https://twitter.com/heroesofdelum,4051
https://twitter.com/DemaStudios,4138
https://twitter.com/denkigames,1055
https://twitter.com/DennyRocketDev,7318
https://twitter.com/DenlinerGames,7047
https://twitter.com/Isaak_OfTheDead,8999
https://twitter.com/Der_Kevin,4099
https://twitter.com/derpychocho,8869
https://twitter.com/D3rzo,7199
https://twitter.com/AzzyDev,8815
https://twitter.com/Devikomi,7427
https://twitter.com/devolverdigital,178
https://twitter.com/DGMKPixy,6483
https://twitter.com/dicetossed,5548
https://twitter.com/dietzribi,9833
https://twitter.com/digital_herb,4226
https://twitter.com/Poppy_Zone,7959
https://twitter.com/DigitPenguin,399
https://twitter.com/mauditbutin,6826
https://twitter.com/alexlesubmarine,9348
https://twitter.com/Pat_Hg,309
https://twitter.com/OdinLovis,1021
https://twitter.com/FabMotte,5815
https://twitter.com/LISAtheRPG,9503
https://twitter.com/aglstudioart,2265
https://twitter.com/Dirigo_Games,2050
https://twitter.com/DisOmikronCJ,2269
https://twitter.com/distantlantern,4245
https://twitter.com/Dizzys_Diary,4536
https://twitter.com/DJ_Link,6517
https://twitter.com/david_laskey,9241
https://twitter.com/dja_redona,6571
https://twitter.com/D_M_Gregory,2820
https://twitter.com/demanrisu,1462
https://twitter.com/DoblePunchGames,3826
https://twitter.com/iamdoborog,7962
https://twitter.com/dominik_doczi,122
https://twitter.com/DogAtWorkGames,2909
https://twitter.com/zerstoerer,8662
https://twitter.com/dominas64,5197
https://twitter.com/kitchendon,8206
https://twitter.com/dontlookgame,7181
https://twitter.com/doodstormer,3698
https://twitter.com/dotoriii_,3905
https://twitter.com/DragonSparkGame,5127
https://twitter.com/DoubleFine,8111
https://twitter.com/WR_Central,7845
https://twitter.com/Draknek,3687
https://twitter.com/drawmaevedraw,6754
https://twitter.com/battlesplash,5520
https://twitter.com/steamgirlgame,9181
https://twitter.com/DreamonStudios,4509
https://twitter.com/zuza_real,3595
https://twitter.com/dreamnoid,789
https://twitter.com/Dreamteam_dev,1172
https://twitter.com/droqen,8383
https://twitter.com/DrTardigrade,6040
https://twitter.com/dssansVN,2612
https://twitter.com/dT_UNIVERSE,8382
https://twitter.com/DuckBlockGames,3339
https://twitter.com/ducklingsmith,5108
https://twitter.com/Ducky_Szymanski,4894
https://twitter.com/dumplingsquid,4908
https://twitter.com/dvdfu,9049
https://twitter.com/dvoidis,6088
https://twitter.com/dwils,2706
https://twitter.com/DylanClarkeDev,7614
https://twitter.com/janofeagle,1392
https://twitter.com/eckartg,2019
https://twitter.com/ecrws,8420
https://twitter.com/eevee,9359
https://twitter.com/eduweb_news,6180
https://twitter.com/Eggcorm,2888
https://twitter.com/egardepe,2552
https://twitter.com/eigenbom,4105
https://twitter.com/EigenLenk,6991
https://twitter.com/edumlauer,9836
https://twitter.com/DaGabeAgenda,9330
https://twitter.com/elendow,854
https://twitter.com/Elijah_C_Cobb,8110
https://twitter.com/GregosEl,9967
https://twitter.com/ElmTheDev,5701
https://twitter.com/timefiddler,6291
https://twitter.com/adriancalvocg,8438
https://twitter.com/elyaradine,2700
https://twitter.com/osiraH,9668
https://twitter.com/EmbarkGame,666
https://twitter.com/Emberheartgames,8588
https://twitter.com/TheEmeraldPawn,1481
https://twitter.com/emmamochii,4180
https://twitter.com/siberianKhatru,1655
https://twitter.com/emmsii_tv,4383
https://twitter.com/EMP_indieStudio,1371
https://twitter.com/emptyfortress,2279
https://twitter.com/EmptyPocktwatch,1343
https://twitter.com/EndWorldcoffee,7291
https://twitter.com/enichan,3948
https://twitter.com/AzureLazuline,6264
https://twitter.com/enricapr,7092
https://twitter.com/envysoftworks,6508
https://twitter.com/johnlee_erg,2699
https://twitter.com/eresia_dev,5332
https://twitter.com/erikaverkaaik,7178
https://twitter.com/EsbenKC,9634
https://twitter.com/EsotericForge,7994
https://twitter.com/s_l_clark,3473
https://twitter.com/epic_animations,1952
https://twitter.com/EthanTilley_,7065
https://twitter.com/by_ethan_fox,8749
https://twitter.com/etterstudio,6688
https://twitter.com/etodd_,1934
https://twitter.com/even_kei,4841
https://twitter.com/everydayfoxlife,4549
https://twitter.com/EvilObjective,4066
https://twitter.com/youvaaaaa,6207
https://twitter.com/evglabs,9164
https://twitter.com/PlushHammer,65
https://twitter.com/evyatron,9999
https://twitter.com/executionunit,8656
https://twitter.com/exhaustedbois,7188
https://twitter.com/ExodusSoftware,9487
https://twitter.com/e_zombo,344
https://twitter.com/fabiandenter,504
https://twitter.com/fabioecco,3968
https://twitter.com/FablesoftVNs,4266
https://twitter.com/faelimjg,3385
https://twitter.com/FancyFishGames,2832
https://twitter.com/Fann_Fang,4665
https://twitter.com/fangsandfriends,2431
https://twitter.com/farfewgiants,8885
https://www.twitter.com/LeonDaydreamer,3284
https://twitter.com/faroffdaydream,4476
https://twitter.com/princessdealtry,5097
https://twitter.com/_fartenko,4110
https://twitter.com/faxdocc,7313
https://twitter.com/feardeerest,2752
https://twitter.com/ReTechDev,8935
https://twitter.com/federicocalch,5848
https://twitter.com/NeaveNetwork,8041
https://twitter.com/FelixBlobDev,6880
https://twitter.com/Feneric,1995
https://twitter.com/Fenreliania,3423
https://twitter.com/FeroxxyEU,9347
https://twitter.com/ferventdev,6279
https://twitter.com/blankthevidya,3355
https://twitter.com/ffxrunner2,4653
https://twitter.com/twoflower,1771
https://twitter.com/filip_bergkvist,395
https://twitter.com/filipporeds,9510
https://twitter.com/acewaydev,9327
https://twitter.com/FireballedGames,216
https://twitter.com/Fishagon,8933
https://twitter.com/Fishface_Games,4856
https://twitter.com/gracebruxner,2237
https://twitter.com/tentril,1231
https://twitter.com/FizzyTeaGames,8198
https://twitter.com/flarechess,6123
https://twitter.com/fleebs_tw,9381
https://twitter.com/17_Flight,5099
https://twitter.com/homegrovegame,7162
https://twitter.com/floraverse,8241
https://twitter.com/FlorianStrien,5846
https://twitter.com/FlowFireGames,8657
https://twitter.com/fluffness02,5303
https://twitter.com/LotusFluffy,13
https://twitter.com/fluffyteam_,2029
https://twitter.com/flyover_games,7246
https://twitter.com/FM__Productions,7365
https://twitter.com/FobTi,5737
https://twitter.com/followfeathers,4993
https://twitter.com/forameuss,8835
https://twitter.com/FortTriumph,6543
https://twitter.com/StorybirdGames,5560
https://twitter.com/cometbook,9362
https://twitter.com/fourbitfriday,8065
https://twitter.com/MunchlaxRegrets,1852
https://twitter.com/Foxer2016,6185
https://twitter.com/francoisvn,6265
https://twitter.com/francesctovar,3340
https://twitter.com/mostly_fred,9124
https://twitter.com/redmountainman1,63
https://twitter.com/freeholdgames,4548
https://twitter.com/Freez3Studios,8371
https://twitter.com/fricotweets,3258
https://twitter.com/froachclub,7562
https://twitter.com/Meteghan1,8469
https://twitter.com/LadyFroey,6700
https://twitter.com/fromsmiling,5002
https://twitter.com/FrostwalkStudio,2790
https://twitter.com/fubenalvo_hu,7362
https://twitter.com/fullmontis,8699
https://twitter.com/bo_nyby,3233
https://twitter.com/FumikoGames,5888
https://twitter.com/funkypiestudio,8621
https://twitter.com/Fusoloid,57
https://twitter.com/girakacheezer,6376
https://twitter.com/tomato_fuzzy,6977
https://twitter.com/GabeJamesGames,6639
https://twitter.com/gabeoflane,5505
https://twitter.com/gabrielcornish,1109
https://twitter.com/GaiaEternal,8072
https://twitter.com/galaxytrail,4057
https://twitter.com/cgamagami,4765
https://twitter.com/uscgamelab,340
https://twitter.com/gamekrazzy,6668
https://twitter.com/gamesbyjens,2557
https://twitter.com/chasebethea,9873
https://twitter.com/gamescodedogs,4427
https://twitter.com/gamesbymichi,9996
https://twitter.com/gamewillpdx,1202
https://twitter.com/gangles,165
https://twitter.com/gamingpixie,5725
https://twitter.com/danygartman,4334
https://twitter.com/gateeightyeight,6736
https://twitter.com/gattaigames,9535
https://twitter.com/aheckingnerd,4975
https://twitter.com/Patch_Games,2491
https://twitter.com/tructv,7570
https://twitter.com/gelatolabs,4249
https://twitter.com/getinthedamnbox,9796
https://twitter.com/DMueller93,2779
https://twitter.com/Ghostburgergame,7653
https://twitter.com/octocityblues,8361
https://twitter.com/GFX47,743
https://twitter.com/ghostbutter,4437
https://twitter.com/grimmshollow,8360
https://twitter.com/ghoulishdev,1615
https://twitter.com/ghoulkiss,6923
https://twitter.com/ghoulnoise,1142
https://twitter.com/giann,5819
https://twitter.com/gigsabyte,1097
https://twitter.com/WeaselToken,7249
https://twitter.com/gigoiastudios,323
https://twitter.com/gildedguyart,2689
https://twitter.com/GinCastaway,8309
https://twitter.com/PewkaPew,2648
https://twitter.com/girlsmakegames,1524
https://twitter.com/glanderco,6585
https://twitter.com/waleb_kassa,4518
https://twitter.com/aglitchman,4987
https://twitter.com/glitchnap,3422
https://twitter.com/gloomkingdom,8652
https://twitter.com/gmangavin,3403
https://twitter.com/GoldUniGaming,3886
https://twitter.com/elsinoregame,5471
https://twitter.com/lonesomeGame,4408
https://twitter.com/goofanader,1123
https://twitter.com/GoodwolfStudio,1226
https://twitter.com/GooseLadderDev,8572
https://twitter.com/gooseninja,6032
https://twitter.com/deepthegame1,7666
https://twitter.com/goshki,8380
https://twitter.com/GourmetVisual,9136
https://twitter.com/sethiangame,814
https://twitter.com/VolcanicGiraffe,2761
https://twitter.com/graebor,4864
https://twitter.com/granadainteract,9113
https://twitter.com/BizarroDF,4419
https://twitter.com/_willbot_,5830
https://twitter.com/Griddolini,3802
https://twitter.com/grimoirtua,6431
https://twitter.com/GrimdorkDesign,9192
https://twitter.com/gritfish,6548
https://twitter.com/b_gorissen,2823
https://twitter.com/gukajogu,7923
https://twitter.com/gumbootstudio,4252
https://twitter.com/gumustdo,5400
https://twitter.com/gustav_olsson,3642
https://twitter.com/ULTRAKILLGame,4239
https://twitter.com/hallgrimgames,4001
https://twitter.com/ted_martens,500
https://twitter.com/hamumu,6596
https://twitter.com/han_tani,5186
https://twitter.com/hanakogames,7074
https://twitter.com/WeRHandcrafted,4070
https://twitter.com/happybackwards,9375
https://twitter.com/CapMinyan,3111
https://twitter.com/harayasoft,1188
https://twitter.com/HarmlessGameDev,2713
https://twitter.com/HatiEth,7267
https://twitter.com/danhowardgames,2427
https://twitter.com/hawksandwich_,4292
https://twitter.com/hauntedwindow,7526
https://twitter.com/Haxor1336,8627
https://twitter.com/headbang_club,2662
https://twitter.com/headspider1,2271
https://twitter.com/leylses,2262
https://twitter.com/heartshapedgame,7220
https://twitter.com/heatpenn,5916
https://twitter.com/HeavyNano,5075
https://twitter.com/timhengeveld,6565
https://twitter.com/dieletztenrosen,3940
https://twitter.com/HeIsArzola,1897
https://twitter.com/heidy_km,3378
https://twitter.com/hekllla,5005
https://twitter.com/HelenaTacy,1117
https://twitter.com/pigdev,1743
https://twitter.com/helpcomputer0,3729
https://twitter.com/HERE_gamestudio,6504
https://twitter.com/theDrMcBadass,5265
https://twitter.com/alxalxalx,9821
https://twitter.com/onedarkbird,1637
https://twitter.com/calicoreverie,3059
https://twitter.com/hexvexed,736
https://twitter.com/hexdragonal,906
https://twitter.com/HiddenFields,381
https://twitter.com/heyitsjoshmusic,3548
https://twitter.com/hofstudios,568
https://twitter.com/LlamaCheez,8101
https://twitter.com/_HoneyCMB,8659
https://twitter.com/the_red_tree,9454
https://twitter.com/_HopFrog,5610
https://twitter.com/hotelbones,4498
https://twitter.com/horacedev,9968
https://twitter.com/hotgirlbrokeleg,2829
https://twitter.com/houkanshan,1560
https://twitter.com/hryx,3638
https://twitter.com/HTHRFLWRS,9358
https://twitter.com/MegatonMilita,3821
https://twitter.com/hygon_,9541
https://twitter.com/Hyohnoo,7369
https://twitter.com/Hyourin7372,6191
https://twitter.com/HyperFoxStudio,9965
https://twitter.com/http_your_heart,3796
https://twitter.com/robokarla,3862
https://twitter.com/lnc98_,4647
https://twitter.com/ianmandarini,7578
https://twitter.com/IanHinck,8962
https://twitter.com/ianmart1n,6383
https://twitter.com/iansundstrom,3471
https://twitter.com/Ichidown,7400
https://twitter.com/okkolicious,4225
https://twitter.com/BUasGames,5408
https://twitter.com/igloosoftgames,8131
https://twitter.com/illest_terminal,1817
https://twitter.com/IllusSeed,3503
https://twitter.com/illydna,1291
https://twitter.com/ilyilaice,757
https://twitter.com/tangledeepgame,252
https://twitter.com/impbox,85
https://twitter.com/inbetweengames,7870
https://twitter.com/improxgames,5235
https://twitter.com/indiegage,6277
https://twitter.com/IOM_Studios,4705
https://twitter.com/IEPhils,3209
https://twitter.com/IQ_Adventures,6552
https://twitter.com/uInkMachine,2622
https://twitter.com/LupusInsanus,2494
https://twitter.com/InnerslothDevs,499
https://twitter.com/insertdisc5,248
https://twitter.com/Instcoffeegames,6345
https://twitter.com/scottreismanis,2378
https://twitter.com/IntoADreamGame,8889
https://twitter.com/InvergeStudios,935
https://twitter.com/IsacDee,9252
https://twitter.com/irregularcorp,6217
https://twitter.com/isaac_s_johnson,4164
https://twitter.com/Iskalynos,2129
https://twitter.com/SeizeTheSubsea,1302
https://twitter.com/lajennyfish,7583
https://twitter.com/isolainsolita,9998
https://twitter.com/nelson_n_,236
https://twitter.com/pxlitch,581
https://twitter.com/ItsTheMaceo,8797
https://twitter.com/ivan7701,996
https://twitter.com/paaech,8600
https://twitter.com/IvanTsangHK,2112
https://twitter.com/Homph,701
https://twitter.com/jesperTingvall,4482
https://twitter.com/Jackv24v,1924
https://twitter.com/JackkelDragon,7086
https://twitter.com/jakayaki,1491
https://twitter.com/large_gourd,3114
https://twitter.com/jamrootgames,452
https://twitter.com/janeator,8186
https://twitter.com/JanosBiro,2135
https://twitter.com/JanTutsBE,4575
https://twitter.com/jani_m_n,3144
https://twitter.com/jasontomlee,7332
https://twitter.com/jaystarryart,6384
https://twitter.com/jdm0079,5403
https://twitter.com/duskdev,4390
https://twitter.com/jellevermandere,4257
https://twitter.com/jellebones,3982
https://twitter.com/JeliLiam,4021
https://twitter.com/jellicube,986
https://twitter.com/JellybeanMill,2871
https://twitter.com/jarodragon,5728
https://twitter.com/jenn_raye,7020
https://twitter.com/FonsecaJersey,9179
https://twitter.com/jessefreeman,8555
https://twitter.com/jessemillar,9256
https://twitter.com/jessicacantlope,5787
https://twitter.com/jessicapadkin,8960
https://twitter.com/Jillgamesh,6760
https://twitter.com/JimAndersson89,8816
https://twitter.com/jimmycushnie,3266
https://twitter.com/Jimbolul,8788
https://twitter.com/jimmyvegas17,6948
https://twitter.com/Caroline_JinxIt,1148
https://twitter.com/XCaptainPancakes,4376
https://twitter.com/jlalleve,1184
https://twitter.com/joordan_sayer,4121
https://twitter.com/jannik_jn,9583
https://twitter.com/bigjuwude,1582
https://twitter.com/joaomarcelods,2474
https://twitter.com/joccish,961
https://twitter.com/jocelynkimchi,3331
https://twitter.com/JoelLikesPigs,7014
https://twitter.com/joseeoror,735
https://twitter.com/KoeberleJ,865
https://twitter.com/johnayliff,1494
https://twitter.com/jgabriel37,8402
https://twitter.com/Gruckel,7686
https://twitter.com/JonasKyratzes,8210
https://twitter.com/JonasTyroller,6066
https://twitter.com/joonturbo,1626
https://twitter.com/jooleanf,5123
https://twitter.com/joqlepecheur,657
https://twitter.com/JOrbitsGames,2074
https://twitter.com/jordy_j_s,8707
https://twitter.com/JorgeGameDev,543
https://twitter.com/josefwho,7263
https://twitter.com/Crocozor,2100
https://twitter.com/JoeGribbs,6474
https://twitter.com/whoisJoshBossie,7308
https://twitter.com/joshpowlison,403
https://twitter.com/w7games,8593
https://twitter.com/jpneey,4423
https://twitter.com/songbirdsymph,1480
https://twitter.com/jpgamedesign,4096
https://twitter.com/jsqrs,5331
https://twitter.com/_jrap,1405
https://twitter.com/judelco,4945
https://twitter.com/juicefoozle,560
https://twitter.com/JulianJEdison,6295
https://twitter.com/juicybeast,952
https://twitter.com/jujuadams,4276
https://twitter.com/subjectiveideal,5131
https://twitter.com/junklatch,2130
https://twitter.com/DistantChrome,4264
https://twitter.com/jurtheshrimp,6228
https://twitter.com/JLSGames,1919
https://twitter.com/J2D_Interactive,4976
https://twitter.com/KabisCube,1541
https://twitter.com/Kadaburadraws,6960
https://www.twitter.com/kaiclavier,4020
https://twitter.com/strickse,8236
https://twitter.com/sweetnawful,9128
https://twitter.com/krichotomy,9627
https://twitter.com/hownottodraw,9288
https://twitter.com/katesuzannah,9607
https://twitter.com/Kathy_E_J,8344
https://twitter.com/katoconbufanda,6407
https://twitter.com/JKaty133,7883
https://twitter.com/KayLousberg,1715
https://twitter.com/kcamberart,2125
https://twitter.com/jordinkee,7350
https://twitter.com/KemonoGames,8581
https://twitter.com/KennethFaigh,9152
https://twitter.com/KenneyNL,8520
https://twitter.com/GuillaumeKenny,8775
https://twitter.com/ker0chanFR,495
https://twitter.com/kexboygame,4773
https://twitter.com/PheloungWilliam,2572
https://twitter.com/therewasadream_,3276
https://twitter.com/kianamosser,6067
https://twitter.com/Kid_On_Fleek,6377
https://twitter.com/kidmarscat,8537
https://twitter.com/waywardMira,5312
https://twitter.com/kidalangstudio,1595
https://twitter.com/KigyoDev,6709
https://twitter.com/michaelkocha,5658
https://twitter.com/killmondaygames,2070
https://twitter.com/DaniuzKing,1062
https://twitter.com/kit9studio,713
https://twitter.com/kishifishy,4923
https://twitter.com/kitfoxgames,8743
https://twitter.com/kitchstweets,5138
https://twitter.com/kittenm4ster,6841
https://twitter.com/MetaKnighty,4887
https://twitter.com/KnickKnackGames,5223
https://twitter.com/MayorMoonGame,5777
https://twitter.com/kokoronis,4467
https://twitter.com/kometbomb,5329
https://twitter.com/kotocca,8521
https://twitter.com/shatteredbrawl,8209
https://twitter.com/kotowari,141
https://twitter.com/kpable,8620
https://twitter.com/AdrianKovatana,1996
https://twitter.com/KrisWB,2437
https://twitter.com/krajzeg,5195
https://twitter.com/kroftee,5334
https://twitter.com/kroltan,5366
https://twitter.com/DavitMasia,1127
https://twitter.com/kst_studio_,7402
https://twitter.com/krystman,4581
https://twitter.com/KupoGames,7859
https://twitter.com/Kuroonehalf,7440
https://twitter.com/kvicksilv3r,5966
https://twitter.com/Kwisartz,6234
https://twitter.com/kyatt7,1280
https://twitter.com/KyleSeeley23,9941
https://twitter.com/Kyushi_Games,2204
https://twitter.com/GridSageGames,798
https://twitter.com/kcaze_,8580
https://twitter.com/eltdak,8063
https://twitter.com/Labelpastek,4127
https://twitter.com/lgdays,9174
https://twitter.com/ladisputeband,9169
https://twitter.com/LadyIsak,5924
https://twitter.com/petitscygnes,6064
https://twitter.com/AndrewR_Design,6595
https://twitter.com/dk_lance,5036
https://twitter.com/lancelot_gao,7611
https://twitter.com/lapamauve,5577
https://twitter.com/lastquarterdev,8718
https://twitter.com/maskedintrovert,8315
https://twitter.com/laundry_bear,2749
https://twitter.com/deadidlegames,476
https://twitter.com/lmichet,2430
https://twitter.com/lavalampgames,4098
https://twitter.com/Squid_Minty,3623
https://twitter.com/lazilisk,2185
https://twitter.com/le_onionboi,1847
https://twitter.com/LeSloDev,9904
https://twitter.com/Le6barbare,6735
https://twitter.com/LeafdogGames,820
https://twitter.com/leakyfingers,1625
https://twitter.com/leef6010,8940
https://twitter.com/lemthtv,4353
https://twitter.com/missafayres,1752
https://twitter.com/lenioypalmera,3347
https://twitter.com/Lethal_Highway,4287
https://twitter.com/leszek_gorniak,1094
https://twitter.com/_lhoti,8624
https://twitter.com/Kilo_bytes,1286
https://twitter.com/liasnyde,1192
https://twitter.com/_LiamMcAlinden_,3561
https://twitter.com/lightechogames,2840
https://twitter.com/liliumparade,9369
https://twitter.com/like100bears,7079
https://twitter.com/LilyBelmira,357
https://twitter.com/lil_sumn_games,9781
https://twitter.com/lindseybieda,7973
https://twitter.com/linked_rooms,4648
https://twitter.com/BenjaminMaksym,3603
https://twitter.com/Liquidream,9829
https://twitter.com/merrinmeredith,8087
https://twitter.com/lizmical,9776
https://twitter.com/lmsonic,6970
https://twitter.com/ascifiroguelike,7408
https://twitter.com/Lolon_Online,6015
https://twitter.com/Lodugh,8920
https://twitter.com/L_Zippo,3093
https://twitter.com/RobGreenDev,7899
https://twitter.com/yandere,1191
https://twitter.com/lostalloy,4203
https://twitter.com/LostTrainDude,6673
https://twitter.com/LostPilgrims,3299
https://twitter.com/closetextrovert,135
https://twitter.com/LouBagelCombo5,8716
https://twitter.com/loutanina,6237
https://twitter.com/lowpolis,8426
https://twitter.com/lowerthirdgames,7980
https://twitter.com/LtJ4x,1251
https://twitter.com/LucasVially,6614
https://twitter.com/dijei3311,8356
https://twitter.com/LucasMaxBros,6972
https://twitter.com/A96Lucid,9202
https://twitter.com/Ludonaut,5764
https://twitter.com/lumimae,7511
https://twitter.com/LuminyStudios,104
https://twitter.com/ShadeJackrabbit,3109
https://twitter.com/lunachaili,4904
https://twitter.com/Lunarolexler,90
https://twitter.com/lunarsignals,8860
https://twitter.com/RyadGodard,1966
https://twitter.com/on_code,4958
https://twitter.com/mt_ody,9947
https://twitter.com/machine_screen,5170
https://twitter.com/Macdup,8896
https://twitter.com/madameberry,9033
https://twitter.com/madcoretom,4628
https://twitter.com/madgarden,8611
https://twitter.com/UrtukTheGame,6740
https://twitter.com/maggese_,8880
https://twitter.com/magicdweedoo,8484
https://twitter.com/magicalb1tch,6689
https://twitter.com/mahojigoku,5042
https://twitter.com/MakingArtStd,7414
https://twitter.com/DrMakorj,4946
https://twitter.com/MakioKuta,2145
https://twitter.com/whitecloud213,9868
https://twitter.com/BirdByExample,7277
https://twitter.com/Managore,2299
https://twitter.com/man_eatergames,9011
https://twitter.com/MarieRiina,2670
https://twitter.com/AnsityGames,4140
https://twitter.com/mantiseyelabs,157
https://twitter.com/clam_team,6949
https://twitter.com/bonerman_inc,593
https://twitter.com/MarineEspinasse,6035
https://twitter.com/nimbusbird,6895
https://twitter.com/PMscenarios,6588
https://twitter.com/knickerspj,4612
https://twitter.com/alphyies,300
https://twitter.com/WafflesRtheBest,9683
https://twitter.com/codemarionette,1475
https://twitter.com/majusarts,78
https://twitter.com/Mark_Ff,6281
https://twitter.com/MarsUnder,4405
https://twitter.com/MartiansParlor,7608
https://twitter.com/martin_cohen,4455
https://twitter.com/martijnrondeel,6105
https://twitter.com/MarukiHurakami,7887
https://twitter.com/MaryJMajesty,5513
https://twitter.com/massivegalaxy,6364
https://twitter.com/masterposedev,7473
https://twitter.com/matchristian,1908
https://twitter.com/MastroBros,7925
https://twitter.com/mateuszskutnik,5808
https://twitter.com/MatheusCunegato,2370
https://twitter.com/Mathijs750,6802
https://twitter.com/pitchblackink,2429
https://twitter.com/matthewjfrith,297
https://twitter.com/MattThorson,2819
https://twitter.com/MattWoelk,4263
https://twitter.com/Maugrift,6025
https://twitter.com/Fat_Luigii,2082
https://twitter.com/MaxKriegerVG,4704
https://twitter.com/warsinke,6765
https://twitter.com/MaxwellSalmon,9289
https://twitter.com/MAY3of4,9956
https://twitter.com/MayhemMakersDev,4706
https://twitter.com/tndgame,6893
https://twitter.com/megancomposer,4483
https://twitter.com/meedoc,7102
https://twitter.com/megadwarfdev,5503
https://twitter.com/MeganCondis,9604
https://twitter.com/melessthanthree,3530
https://twitter.com/MemoryofGod,8050
https://twitter.com/MemphisGameDev,6584
https://twitter.com/melliomusic,6965
https://twitter.com/meowza,1497
https://twitter.com/MePlayItOnline,9618
https://twitter.com/Merlandese,2121
https://twitter.com/@,3377
https://twitter.com/midipixel,2451
https://twitter.com/midreky,3755
https://twitter.com/Mighty_Pebble,428
https://twitter.com/mijugames,1691
https://twitter.com/mildmojo,4148
https://twitter.com/miles_matrix,2551
https://twitter.com/milkbaggames,7860
https://twitter.com/milkbarjack,1621
https://twitter.com/milkplusvn,6539
https://twitter.com/milkpunches,3070
https://twitter.com/milkteestudios,49
https://twitter.com/mindboiler,1460
https://twitter.com/milomilosoft,7007
https://twitter.com/_mindfungus_,833
https://twitter.com/thetomster3,3576
https://twitter.com/MiniOfficial8,8757
https://twitter.com/robsonsiebel,6912
https://twitter.com/MinorKeyGames,5680
https://twitter.com/min_minstery,770
https://twitter.com/minutekiwi,1690
https://twitter.com/TeamMiracleMoon,6875
https://twitter.com/misnina_star,1943
https://twitter.com/misougames,4347
https://twitter.com/Missing_Tech,4567
https://twitter.com/mix256,2933
https://twitter.com/ApparentRaisin,9123
https://twitter.com/mnerurkar,781
https://twitter.com/mobilecostudios,3509
https://twitter.com/ModestArcade,1428
https://twitter.com/AnquezLoic,6385
https://twitter.com/mogibeargames,2028
https://twitter.com/MOH1301,7328
https://twitter.com/mojikenstudio,4820
https://twitter.com/ErnstMOKKA,8320
https://twitter.com/playMOMENTUM,8158
https://twitter.com/mono_glasses,6440
https://twitter.com/monplaisirmusic,1903
https://twitter.com/MONSTRMANSION,7851
https://twitter.com/monothetic,1733
https://twitter.com/moonmoonmooncmp,2443
https://twitter.com/moonburntstudio,6330
https://twitter.com/MoonBite_Studio,3296
https://twitter.com/moonradishgames,2738
https://twitter.com/MoonRiverGame,8531
https://twitter.com/MoralAnxiety,4220
https://twitter.com/_moremountains,6825
https://twitter.com/MrMorganBrown,8793
https://twitter.com/morphcat,4728
https://twitter.com/MorsGames,8068
https://twitter.com/MoskiDraws,3516
https://twitter.com/MostafaMHawke,5522
https://twitter.com/modernmodron,9585
https://twitter.com/mrboyfriend666,1685
https://twitter.com/mrfifiak,140
https://twitter.com/_mrgrak,5683
https://twitter.com/CharlesHHuang,9529
https://twitter.com/TheMukulNegi,924
https://twitter.com/Multivarious,8856
https://twitter.com/HECKSCAPER,7213
https://twitter.com/musashinoelegy,4912
https://twitter.com/vonwil_m,1650
https://twitter.com/mxedk,3744
https://twitter.com/mythridate,8323
https://twitter.com/littanana,9308
https://twitter.com/_naam,4429
https://twitter.com/thaynannadu,9823
https://twitter.com/99squisse,6744
https://twitter.com/normalnamada,9100
https://twitter.com/NaiveSprites,2133
https://twitter.com/NanningsGames,4199
https://twitter.com/ra,3199
https://twitter.com/nathanwentworth,6680
https://twitter.com/natnatart,957
https://twitter.com/NIPresents,8729
https://twitter.com/naughtyshinobi,8345
https://twitter.com/arowana_vx,2438
https://twitter.com/NSEY_,6779
https://twitter.com/ndef,4426
https://twitter.com/ncasenmare,4584
https://twitter.com/bagelcollie,7866
https://twitter.com/NeatWolf,5010
https://twitter.com/bakanekofr,4375
https://twitter.com/nknauth,8049
https://twitter.com/neotenomie,3512
https://twitter.com/Nenekiri_Dragon,8171
https://twitter.com/mrgan,6024
https://twitter.com/nettleflap,7709
https://twitter.com/neverpants,3959
https://twitter.com/NeverRestStudio,5544
https://twitter.com/nextone_gaming,2886
https://twitter.com/NicholasDuxbury,2968
https://twitter.com/niaaannn,7391
https://twitter.com/NicMagnier,8761
https://twitter.com/nickmaierhoefer,2448
https://twitter.com/__NickJones__,9184
https://twitter.com/NickZangus,8256
https://twitter.com/Nifty_Visuals,5341
https://twitter.com/nihilocrat,8658
https://twitter.com/NikkiArezza,2212
https://twitter.com/niksudan,3492
https://twitter.com/nikkilak,5166
https://twitter.com/NikMikk,8089
https://twitter.com/nik_sg,9280
https://twitter.com/nimSony,5407
https://twitter.com/ninjadodo,1939
https://twitter.com/mercuryfall,2095
https://twitter.com/NivStudio,2295
https://twitter.com/nivrad00,4201
https://twitter.com/nkornek,3686
https://twitter.com/NSBrownArt,1442
https://twitter.com/NoahCodes,8828
https://twitter.com/nochustudios,819
https://twitter.com/NoDevAtAll,8994
https://twitter.com/noffle,1902
https://twitter.com/nomnomnami,3706
https://twitter.com/nogravity_games,3267
https://twitter.com/thatOneBoris,9460
https://twitter.com/Nonadecimal,5044
https://twitter.com/nothke,6918
https://twitter.com/felixplesoianu,5368
https://twitter.com/notome_games,69
https://twitter.com/notslotgames,328
https://twitter.com/nbnoxid,9433
https://twitter.com/npckc,3608
https://twitter.com/Noxlof,1385
https://twitter.com/NPJarcade,3678
https://twitter.com/_NuclearToaster,4590
https://twitter.com/ntagonistic,5588
https://twitter.com/FourHorsemenVN,9345
https://twitter.com/NullVoid_Dev,8493
https://twitter.com/NuSan_fx,6214
https://twitter.com/nyakochann,378
https://twitter.com/nyamyamgames,1993
https://twitter.com/nyaraka,5404
https://twitter.com/Nymn2_PRNC,5685
https://twitter.com/ocdunlap,2284
https://twitter.com/ocelotsociety,1857
https://twitter.com/Team_Ocumens,4109
https://twitter.com/oddlazdo,2347
https://twitter.com/Oddwarg,9677
https://twitter.com/OhiraKyou,8838
https://twitter.com/OkaeriStudio,1267
https://twitter.com/OlegKlishinArt,1504
https://twitter.com/okaybenji,8953
https://twitter.com/void_hyacinth,4914
https://twitter.com/oliverleins,5194
https://twitter.com/olmewe,4078
https://twitter.com/olofnae,4412
https://twitter.com/omiija,8677
https://twitter.com/OmiyaGames,815
https://twitter.com/omrii_,5927
https://twitter.com/onebitpunch,510
https://twitter.com/onefifth,1283
https://twitter.com/love_hues_game,2277
https://twitter.com/OnyxLute,6542
https://twitter.com/OpalStarlight,6095
https://twitter.com/openRA,3965
https://twitter.com/OskarNystrom,1537
https://twitter.com/orangepixel,5387
https://twitter.com/OwenGoss,8984
https://twitter.com/otomepalace,130
https://twitter.com/OttoGermain,8441
https://twitter.com/OverboyYT,5272
https://twitter.com/bradysoglin,1838
https://www.twitter.com/SuperBlizzard,5773
https://twitter.com/owlyvoices,2062
https://twitter.com/owendeery,4441
https://twitter.com/oxopotion,6638
https://twitter.com/ozkriff,1492
https://twitter.com/PaleMoonGames,8646
https://twitter.com/NicoloPankoman,7791
https://twitter.com/PaoloMonkey,6860
https://twitter.com/panstasz,8777
https://twitter.com/PapaBeefolini,6451
https://twitter.com/9vikis,4933
https://twitter.com/papercastledevs,3594
https://twitter.com/adampi,9042
https://twitter.com/Parachor_,2181
https://twitter.com/PaperStarsDev,883
https://twitter.com/ParaluneGames,8331
https://twitter.com/gamecactus,1800
https://twitter.com/ParanoidHawk,2869
https://twitter.com/paranoodles,3941
https://twitter.com/GillParmpreet,3522
https://twitter.com/passerines,7120
https://twitter.com/reddlark,4497
https://twitter.com/ptchwrkprincess,327
https://twitter.com/amydentata,4438
https://twitter.com/nicolas_ceriani,8685
https://twitter.com/ArtjomsNeimanis,4288
https://twitter.com/FlatteryPatrick,7753
https://twitter.com/PatrickKoenig90,2065
https://twitter.com/PaulCFrame,6607
https://twitter.com/kolyasisan,1699
https://twitter.com/P_Cat_,6119
https://twitter.com/Pectin_,1131
https://twitter.com/pdkmusic,5949
https://twitter.com/pegasnow,8312
https://twitter.com/peredev,498
https://twitter.com/tomboffriends,5048
https://twitter.com/phannDOTde,7298
https://twitter.com/pg5_studio,2166
https://twitter.com/pbergmar,9547
https://twitter.com/Pheonise,1218
https://twitter.com/pheenix93,2325
https://twitter.com/phanxgames,3543
https://twitter.com/BeatdownDungeon,7931
https://twitter.com/phi6,5496
https://twitter.com/ThatSnillet,5981
https://twitter.com/PhirezStudios,4789
https://twitter.com/pi3shark,2617
https://twitter.com/PieOnAPlate,2549
https://twitter.com/PillBugInt,6254
https://twitter.com/pinefallstudios,7204
https://twitter.com/pinestudiollc,6646
https://twitter.com/_Pinlin,1931
https://twitter.com/PIntroverts,9269
https://twitter.com/PippinGames,9363
https://twitter.com/PirateHearts,4838
https://twitter.com/PiratesAhoy_,134
https://twitter.com/2Pblog1,158
https://twitter.com/Kynseed,2172
https://twitter.com/RealPixelDough,9265
https://twitter.com/pixelfootgames,1657
https://twitter.com/pixelized_std,7528
https://twitter.com/pixeljamgames,497
https://twitter.com/pixelnicks,7077
https://twitter.com/pixelshuh,8854
https://twitter.com/xenormx,4523
https://twitter.com/pixpnd,9109
https://twitter.com/cstoquer,6691
https://twitter.com/deathntaxesgame,6654
https://twitter.com/Itamar_Ernst%20%7C%20@Mati_Ernst,7569
https://twitter.com/plan_number_b,872
https://twitter.com/platypus_game,9092
https://twitter.com/farlenkov,7712
https://twitter.com/PlayNorthbound,612
https://twitter.com/Playtra_Games,9
https://twitter.com/plugindigital,689
https://twitter.com/Plunger_Games,1820
https://twitter.com/plus7software,2286
https://twitter.com/mtths_flk,8690
https://twitter.com/PocketwatchG,8324
https://twitter.com/toastythegame,5837
https://twitter.com/polycement,8784
https://twitter.com/pappletales,5839
https://twitter.com/ponywolf,7764
https://twitter.com/FionaRosette,4016
https://twitter.com/workwithpoppy,3929
https://twitter.com/porousnapkin,1729
https://twitter.com/slimedaughter,5860
https://twitter.com/RoguEmpireRPG,2599
https://twitter.com/noestringfound,1907
https://twitter.com/PossumHGames,664
https://twitter.com/postmortempixel,5139
https://twitter.com/powerhoof,6920
https://twitter.com/mattlawrdev,5673
https://twitter.com/PowLow_Paolo,4153
https://twitter.com/Pra_Braz_Boy,912
https://twitter.com/Premek_V,7124
https://twitter.com/qpringle1,6798
https://twitter.com/_profan,6165
https://twitter.com/progrium,5877
https://twitter.com/badcopstudios,4815
https://twitter.com/prophet_goddess,5590
https://twitter.com/ProspectGames,7225
https://twitter.com/proto1studios,3900
https://twitter.com/Prox2276,8503
https://twitter.com/Psionic3D,2365
https://twitter.com/PureJamGames,918
https://twitter.com/PutawanDe,5595
https://twitter.com/caphistudios,1859
https://twitter.com/adamthegameguy,8405
https://twitter.com/Pyrofoux,2821
https://twitter.com/ThePyranda,7986
https://twitter.com/JackoMallows,5586
https://twitter.com/qualifiedbadger,1990
https://twitter.com/Pattyqubed,354
https://twitter.com/question_shark,9990
https://twitter.com/CantGetOurName,3427
https://twitter.com/quinnstephens,6278
https://twitter.com/qwertyprophecy,2862
https://twitter.com/QZProductions,9521
https://www.twitter.com/r25th,3732
https://twitter.com/rabbitnautgames,1633
https://twitter.com/rabbitrundev,4069
https://twitter.com/RadCodex,5498
https://twitter.com/radiatoryang,5391
https://twitter.com/RadiusGordello,9795
https://twitter.com/raesparkgames,7558
https://twitter.com/teamradmars,7719
https://twitter.com/RafaSkoberg,6054
https://twitter.com/RaftSurvivaGame,8071
https://twitter.com/RageSquid,3174
https://twitter.com/Raggune,8745
https://twitter.com/ragnarrr_,7218
https://twitter.com/RaincoatVideos,6534
https://twitter.com/RagtagDev,1972
https://twitter.com/marystanfield_dc,7999
https://twitter.com/Raindrinker_dev,4365
https://twitter.com/SOGormanGames,2051
https://twitter.com/raisedbywoes,2455
https://twitter.com/TChastagnol,195
https://twitter.com/Ramifactor,6162
https://twitter.com/RamiCreates,6793
https://twitter.com/rangerhfox,1785
https://twitter.com/RatKingsLair,429
https://twitter.com/Ravanok,1222
https://twitter.com/Rawquette,2997
https://twitter.com/RodRandomberger,7516
https://twitter.com/SteampunkSpoon,6177
https://twitter.com/JokinenHarri,8225
https://twitter.com/raymondafcripps,4726
https://twitter.com/rb_dev2,2547
https://twitter.com/realmshb,2527
https://twitter.com/TheReccy,8595
https://twitter.com/RedChan17,1732
https://twitter.com/the_real_max_99,4171
https://twitter.com/ludodrome,307
https://twitter.com/redkoibox,7609
https://twitter.com/reineworks,6497
https://twitter.com/relsqui,3741
https://twitter.com/Remi_Tootata,6402
https://twitter.com/RemortStudios,87
https://twitter.com/NywlMac,4087
https://twitter.com/remyripple,6929
https://twitter.com/R37R34M,2603
https://twitter.com/RetrosaurDev,8948
https://twitter.com/rfcrocha,5611
https://twitter.com/Richard_n_silva,3918
https://twitter.com/rikoclon,1246
https://twitter.com/Rickperros,2636
https://twitter.com/risksystem_game,2877
https://twitter.com/QuestForTori,6155
https://twitter.com/RNGParty,353
https://twitter.com/rm_code,8406
https://twitter.com/roannasylver,3553
https://twitter.com/retroremakes,7002
https://twitter.com/robcub32,3861
https://twitter.com/robindaydream,662
https://twitter.com/robinorwhatever,8448
https://twitter.com/robohaven,3116
https://twitter.com/RobinHoodYT,8258
https://twitter.com/robvansaaze,1265
https://twitter.com/RocketJumpTech,4061
https://twitter.com/Rolling_Crown,6523
https://twitter.com/lucilledraws,7617
https://twitter.com/RomainRope,1951
https://twitter.com/roomsforrockets,792
https://twitter.com/Rosden_Shadow,6340
https://twitter.com/rosevertegames,1469
https://twitter.com/LastStarfarer,1549
https://twitter.com/RosstinMurphy,7846
https://twitter.com/rpgwhitelock,9317
https://twitter.com/AllegedRudiJay,8494
https://twitter.com/synth_ruiner,8642
https://twitter.com/Rukomura,199
https://twitter.com/ryetaran,9876
https://twitter.com/rustylakecom,9887
https://twitter.com/ryguygames,7641
https://twitter.com/saantonandre,4555
https://twitter.com/demidatodev,6808
https://twitter.com/alex_igntv,2731
https://twitter.com/sadambober,2182
https://twitter.com/Sadface_RL,5215
https://twitter.com/ASadMonk,7351
https://twitter.com/sagittaeri,8218
https://twitter.com/SaidaWoolf,6842
https://twitter.com/sakevisual,2746
https://twitter.com/sakonma,6479
https://twitter.com/SalmanShhGames,6374
https://twitter.com/VengefulHeart1,3288
https://twitter.com/pacinquin,8116
https://twitter.com/Samaflange,4561
https://twitter.com/samloeschen,5898
https://twitter.com/SwordnStallion,2481
https://twitter.com/samoatesgames,4250
https://twitter.com/Samuraiflame,4579
https://twitter.com/samuraipunkco,8791
https://twitter.com/sandbaydev,1370
https://twitter.com/santaragione,5906
https://twitter.com/saranomy,5506
https://twitter.com/sarchalen_team,2338
https://twitter.com/savespacegames,4234
https://twitter.com/hokawazu,4178
https://twitter.com/drsethjones,4133
https://twitter.com/scarletcatalie,5723
https://twitter.com/SBDaggerStudio,9185
https://twitter.com/schellgames,4573
https://twitter.com/schirDev,7663
https://twitter.com/schrahki,220
https://twitter.com/MateCziner,2441
https://twitter.com/Sciman101,2134
https://twitter.com/ScimitarDD,9022
https://twitter.com/scott12355,3701
https://twitter.com/ScrapPaperDev,3219
https://twitter.com/scriptwelder,9913
https://twitter.com/dev_scythe,3250
https://twitter.com/gavku,9804
https://twitter.com/SunraHeadgear,8723
https://twitter.com/@KyleOlsonmabob,2280
https://twitter.com/YeOldShrimpEyes,7544
https://twitter.com/NuclearFriend,6411
https://twitter.com/paradigmgame,3208
https://twitter.com/LouisDMeyer,1352
https://twitter.com/Powerhoof,1264
https://twitter.com/@_t3nshi,2508
https://twitter.com/DuzzOnDrums,942
https://twitter.com/samuelsefer,9158
https://twitter.com/seabass_n,6641
https://twitter.com/SeaharvestGames,6268
https://twitter.com/SeanNoonan,6836
https://twitter.com/seansleblanc,2252
https://twitter.com/sebastianscaini,2116
https://twitter.com/Securas2010,1215
https://twitter.com/SeedsofLoveGame,3952
https://twitter.com/Sekamelica,6253
https://twitter.com/legrandlegacy,8837
https://twitter.com/selewidev,4680
https://twitter.com/semaeopus,3316
https://twitter.com/Seren_devity,6507
https://twitter.com/SerenityForge,9459
https://twitter.com/sergeantindie,2921
https://twitter.com/serioussam909,3688
https://twitter.com/moi_rai_,4879
https://twitter.com/SeruleBlue,2356
https://twitter.com/Sey_Atkinson,5697
https://twitter.com/sfbtom,8062
https://twitter.com/RogerBidon,4780
https://twitter.com/verillious,1451
https://twitter.com/Shahroozal,9057
https://twitter.com/Cynical_Poet,9625
https://twitter.com/Shaman779,3421
https://twitter.com/sharpfives,7593
https://twitter.com/shaunspalding,358
https://twitter.com/Sheepolution,9902
https://twitter.com/shellyalon,1688
https://twitter.com/ShenTzuGames,9006
https://twitter.com/Shimmersoft,9341
https://twitter.com/devshinobu,4176
https://twitter.com/shmellyorc,954
https://twitter.com/shockpine,853
https://twitter.com/_shortbread,9040
https://twitter.com/shnilsen,2619
https://twitter.com/ajk3rr,2168
https://twitter.com/fat_Luigii,1692
https://twitter.com/srodyakin,1843
https://twitter.com/dogesecret,7131
https://twitter.com/shubshub11,4028
https://twitter.com/syberfeldt,9692
https://twitter.com/shuu_37,8261
https://twitter.com/SIACTRO,8318
https://www.twitter.com/siegfriedcroes,6501
https://twitter.com/SigridsAnglar,1991
https://twitter.com/silenttowergame,3476
https://twitter.com/silentclowns,6288
https://twitter.com/siltocyn,8477
https://twitter.com/silvrspookgames,2194
https://twitter.com/LegendsOP,8654
https://twitter.com/junoniogame,59
https://twitter.com/Sinathor,1980
https://twitter.com/sinking_sheep,3302
https://twitter.com/Sirhaian,9760
https://twitter.com/Sir_Allsen,7897
https://twitter.com/smuhlaci,3779
https://twitter.com/sistinedisco,4385
https://twitter.com/DrinkingNails,617
https://twitter.com/six6jiang,2748
https://twitter.com/SixRobin1,8238
https://twitter.com/SharksInMyEyes,3819
https://twitter.com/Sklarlight,6724
https://twitter.com/mno00,4484
https://twitter.com/sa_interactive,6900
https://twitter.com/skyharborr,9706
https://twitter.com/SkyPyre,4456
https://twitter.com/slashie_,8093
https://twitter.com/__sleepingpanda,1601
https://twitter.com/Sleeper_Games,2123
https://twitter.com/sleepytom,3058
https://twitter.com/slitherpunk,260
https://twitter.com/sanderintveld,7437
https://twitter.com/FunnyBrutalism,734
https://twitter.com/slugsoft,8002
https://twitter.com/smaex_official,3511
https://twitter.com/RagdollRunners,6454
https://twitter.com/smashing_cravat,5509
https://twitter.com/SmashRiot,3989
https://twitter.com/smolalienbee,1540
https://twitter.com/smolghost,9645
https://twitter.com/snozbot,698
https://twitter.com/duckpizza_,6924
https://twitter.com/soerbgames,7238
https://twitter.com/sociohat,9066
https://twitter.com/sokpopco,9643
https://twitter.com/solarprotag,8224
https://twitter.com/SolkitteDev,3112
https://twitter.com/Captain_Choco,8351
https://twitter.com/somepx,6304
https://twitter.com/_somewhat__,5907
https://twitter.com/songsofsyx,3228
https://twitter.com/Danyon_H,3812
https://www.twitter.com/S0phieH,5893
https://twitter.com/Sonicrumpets,1056
https://twitter.com/SoulsoftEA,5587
https://twitter.com/soy_yuma,848
https://twitter.com/sovonight,9557
https://twitter.com/SpaceBackyard,724
https://twitter.com/spacezetagames,2896
https://twitter.com/spalt_er,2419
https://twitter.com/SpeedyBrain,4678
https://twitter.com/SparklinLabs,9207
https://twitter.com/Spennerino,705
https://twitter.com/spidamoo,9134
https://twitter.com/Spincut,9146
https://twitter.com/SpikyGamesTweet,6492
https://twitter.com/spiral_atlas,1507
https://twitter.com/SpiritStoneGame,9275
https://twitter.com/bitsplaze,8384
https://twitter.com/LunaMoonBee,4936
https://twitter.com/spookysquid,6461
https://twitter.com/Sprams,4389
https://twitter.com/SpreadShotDev,5770
https://twitter.com/vrnspr,7710
https://twitter.com/squalidraws,804
https://twitter.com/Squidcor,7817
https://twitter.com/squiddingme,285
https://twitter.com/rewindgamesca,6993
https://twitter.com/TheSquink,4990
https://twitter.com/SssnizeS,5198
https://twitter.com/st33d,2447
https://twitter.com/charlottegore,4551
https://twitter.com/StarburntStudio,1079
https://twitter.com/stealthix_dev,5914
https://twitter.com/SteamberryEsh,6801
https://twitter.com/SteelRaven7,6406
https://twitter.com/Stepf0rd,9888
https://twitter.com/StevenColling,8700
https://twitter.com/StevenJHarmon1,605
https://twitter.com/StoneAgeJazz,235
https://twitter.com/StoneBakedGames,9648
https://twitter.com/_stralor,5440
https://twitter.com/stronghold2d,5516
https://twitter.com/studioelfriede,6034
https://twitter.com/studioblackflag,564
https://twitter.com/studionamaapa,8742
https://twitter.com/studiooleomingu,8557
https://twitter.com/StudioAnjin,9933
https://twitter.com/studiochiffonvn,1372
https://twitter.com/studiostobie,7310
https://twitter.com/StudioSenpai,5480
https://twitter.com/wombatstuff,8193
https://twitter.com/p3p3ron,55
https://twitter.com/sucraiso,2633
https://twitter.com/subfrost_games,5325
https://twitter.com/sukebangames,5912
https://twitter.com/sawelland,3505
https://twitter.com/SunscaleStudios,2394
https://twitter.com/SuperBalrog,2428
https://twitter.com/ssg_Games,1767
https://twitter.com/blackicethegame,6618
https://twitter.com/bryanwshepherd,9581
https://twitter.com/towniealamode,8333
https://twitter.com/hadstclair,9017
https://twitter.com/realkevincole,8597
https://twitter.com/surt_r,5593
https://twitter.com/suvri4,4256
https://twitter.com/sushilul,6037
https://twitter.com/SvenAhlgrimm,616
https://twitter.com/svblm,1039
https://twitter.com/sweetheartsquad,4041
https://twitter.com/HetmanMichael,4350
https://twitter.com/swsteffes,6505
https://twitter.com/team_meeting,4650
https://twitter.com/synthcoder,1367
https://twitter.com/System_erasure,1227
https://twitter.com/taj_tajima,9966
https://twitter.com/Guard13007,4379
https://twitter.com/TangramGames,9039
https://twitter.com/TanteiSakana,1364
https://twitter.com/tartle_games,2068
https://twitter.com/Tavrox_,4627
https://twitter.com/taxiderby,4305
https://twitter.com/TaylorMcCue5,3847
https://twitter.com/ByttenStudio,3450
https://twitter.com/goteamrequiem,1619
https://twitter.com/EverEndGame,4540
https://twitter.com/TeamBisugo,7871
https://twitter.com/AvariceGame,771
https://twitter.com/EinarGame,8453
https://twitter.com/Launchablesocks,9442
https://twitter.com/Enermenle,9656
https://twitter.com/Eeronaut,5168
https://www.twitter.com/PanopticVR,5565
https://twitter.com/revivedteam,9818
https://twitter.com/T_RobotBlackHat,2183
https://twitter.com/teamsalvato,577
https://twitter.com/TeamScallywag,7245
https://twitter.com/dezue_peninja,5962
https://twitter.com/SixUdg,610
https://twitter.com/SuperPenguinDef,470
https://twitter.com/tehmerow,9080
https://twitter.com/PilotVG,6840
https://twitter.com/tentaclehead,2683
https://twitter.com/themandushorror,665
https://twitter.com/GhostDog254,6956
https://twitter.com/xmdcai,3020
https://twitter.com/terracottafrog,3234
https://twitter.com/terrariumstudio,3814
https://twitter.com/terryliyixuan,1880
https://twitter.com/tesla_tank,9570
https://twitter.com/terzalo,8294
https://twitter.com/tesselode,2006
https://twitter.com/TetroniMike,4367
https://twitter.com/th3sharkk,7509
https://twitter.com/pishtaq,3216
https://twitter.com/wannabe_cat,905
https://twitter.com/TMadProgrammer,5919
https://twitter.com/thatsmytrunks,9002
https://twitter.com/THDtweet,5487
https://twitter.com/Albinexotech,5811
https://twitter.com/YiBinArt,3600
https://twitter.com/stindaan,153
https://twitter.com/prismshift,228
https://twitter.com/kohiu_,8007
https://twitter.com/thernz,528
https://twitter.com/pinpoms,2693
https://twitter.com/KnodelKurtis,4150
https://twitter.com/525floppy,653
https://twitter.com/thefantasticjen,150
https://twitter.com/gamerurso,3769
https://twitter.com/TheHiveIsSocial,1386
https://twitter.com/themindseclipse,2839
https://twitter.com/thePhilipCal,575
https://twitter.com/theoverpillat,3280
https://twitter.com/thepumpkinsnake,3431
https://twitter.com/theskyandthesea,7257
https://twitter.com/jessebarksdale,4731
https://twitter.com/thextra89,3981
https://twitter.com/GameDevDan1,8036
https://twitter.com/ThCortezZ,9783
https://twitter.com/ThobiFR,6084
https://twitter.com/thomasbowker,5323
https://twitter.com/tommynator31415,6422
https://twitter.com/stabberthomas,1203
https://twitter.com/ThomasGervraud,3198
https://twitter.com/thomasvanbouwel,2973
https://twitter.com/ThoughtBread,3072
https://twitter.com/ThresholdSeven,4865
https://twitter.com/throwback_games,6983
https://twitter.com/thumpypuppy,7766
https://twitter.com/canhcachua,5955
https://twitter.com/Tichau4,379
https://twitter.com/tilderina,7984
https://twitter.com/timdhoffmann,338
https://twitter.com/TimesNTroubles,1716
https://twitter.com/timgarbos,7085
https://twitter.com/timkrief,5629
https://twitter.com/timknauf,9681
https://twitter.com/TimoFalcke,1213
https://twitter.com/timothiellim,6884
https://twitter.com/timrodz,8902
https://twitter.com/timsoret,8099
https://twitter.com/TTrinketGames,8459
https://twitter.com/tinyruin,7825
https://twitter.com/TAPNextGen,7374
https://twitter.com/thomasmoonkang,8681
https://twitter.com/ToenAndreMC,2709
https://twitter.com/Tokaint,4395
https://twitter.com/MrTogimaro,4940
https://twitter.com/thomasastle,6495
https://twitter.com/tokkimeki,9593
https://twitter.com/tomirony,4184
https://twitter.com/tommchenry,5083
https://twitter.com/TomycaseM,240
https://twitter.com/tookipalooki,751
https://twitter.com/Cynthimon,7496
https://twitter.com/Le_Toulousaing,8296
https://twitter.com/touwakustudio,5825
https://twitter.com/towerteamgames,9958
https://twitter.com/tpamir,9026
https://twitter.com/KarkazisMatteo,3426
https://twitter.com/TRASEVOL_DOG,7798
https://twitter.com/trevorisgood,8783
https://twitter.com/Tristan_Greg,2372
https://twitter.com/troleoleo,6289
https://twitter.com/_Troglobytes_,7165
https://twitter.com/TroysNoize,888
https://twitter.com/tsrDev,1822
https://twitter.com/bwuhhh,8728
https://twitter.com/tulevikEU,8752
https://twitter.com/GamesTurnaround,4191
https://twitter.com/tumeo_,885
https://twitter.com/_turnfollow,5020
https://twitter.com/TwistdBrainZ,6205
https://twitter.com/TwistedTwigleg,245
https://twitter.com/TwoGlassHams,5316
https://twitter.com/TwoTailsGames,5540
https://twitter.com/KenningtonGames,5059
https://twitter.com/TahitiP4ncake,9367
https://twitter.com/pettyantics,3417
https://twitter.com/tyronmm,9754
https://twitter.com/udellgames,5384
https://twitter.com/UltraRunaway,1964
https://twitter.com/alonkulous,1085
https://twitter.com/Dev_Unallocated,2103
https://twitter.com/UnboundCreation,4821
https://twitter.com/ahnnajade,6711
https://twitter.com/Unknown67050967,5583
https://twitter.com/unlibox,3810
https://twitter.com/unsungwarriors,445
https://twitter.com/adamcyounis,2998
https://twitter.com/UnwontedStudios,8260
https://twitter.com/vagrant_muffin,5993
https://twitter.com/underskinnyhrt,4956
https://twitter.com/Valax321,4812
https://twitter.com/ValerieDusk,8509
https://twitter.com/VAMichaelaLaws,6888
https://twitter.com/VampireDev8,7560
https://twitter.com/varunprime,8541
https://twitter.com/VastError,3260
https://twitter.com/vcpenguin,6679
https://twitter.com/VeyeralGames,3794
https://twitter.com/vectorpark,691
https://twitter.com/voooooogel,3944
https://twitter.com/VS_Evil,3679
https://twitter.com/KerokeroCoder,8485
https://twitter.com/VhiteRabbitVR,6466
https://twitter.com/Lumino_Via,6215
https://twitter.com/victorburgosg3,3443
https://twitter.com/VictorWeidar,2490
https://twitter.com/vidarn,4902
https://twitter.com/toooldtoocold,5899
https://twitter.com/rgovieira,23
https://twitter.com/VincentTrinel,5034
https://twitter.com/VincentVially,7278
https://twitter.com/vine2d,8157
https://twitter.com/vinegarhannibal,2799
https://twitter.com/virtuacomp,2398
https://twitter.com/VirtuosoComms,8821
https://twitter.com/viryse_s,6074
https://twitter.com/vividgrim,7159
https://twitter.com/_vivngo,5601
https://twitter.com/vizmedia,9974
https://twitter.com/Vlambeer,5203
https://twitter.com/FlorianVltmn,1827
https://twitter.com/actruncale,4788
https://twitter.com/vnstudioelan,9143
https://twitter.com/volcanobean,7037
https://twitter.com/FredBednarski,185
https://twitter.com/VoxGamesAU,5090
https://twitter.com/vvvultures,9982
https://twitter.com/vyybr,8059
https://twitter.com/EpicShopGame,1883
https://twitter.com/mywaifuworks,9206
https://twitter.com/WillRDAkins,3613
https://twitter.com/WalkerPerkins,4336
https://twitter.com/waltdestler,7156
https://twitter.com/wasplayy,6106
https://twitter.com/watawatabou,3777
https://twitter.com/TeamWatercress,8285
https://twitter.com/jennygalaxy,1679
https://twitter.com/wedgiebee,2671
https://twitter.com/Wertle,9505
https://twitter.com/WesDoes,4785
https://twitter.com/WhalesAndGames,791
https://twitter.com/whateverz_one,1119
https://twitter.com/whiestar,3575
https://twitter.com/WWGAMINGNZ,51
https://twitter.com/WhiteCatGames,1012
https://twitter.com/whiteninjastudio,8803
https://twitter.com/QuiltofJustice,9499
https://twitter.com/wickglyph,1084
https://twitter.com/elvensight,901
https://twitter.com/wildbrewgame,146
https://twitter.com/wildermyth,571
https://twitter.com/Windchimes_VN,5556
https://twitter.com/willyelektrix,5451
https://twitter.com/WindChimesGames,8653
https://twitter.com/WinteractiveSE,144
https://twitter.com/Winter_Cell,3462
https://twitter.com/winterpath_io,7683
https://twitter.com/ArturSmiarowski,1639
https://twitter.com/DWizardCat,8795
https://twitter.com/lainiwakuras,9864
https://twitter.com/wolod1402,9418
https://twitter.com/olbeyblade_jpeg,4511
https://twitter.com/WoollyWalrusInc,4272
https://twitter.com/WoodsyStudio,9853
https://twitter.com/WritNelson,7280
https://twitter.com/XavierEkkel,1912
https://twitter.com/Xaychru04,1496
https://twitter.com/XandZProduction,1726
https://twitter.com/StudioXehryn,3206
https://twitter.com/XenationDev,7266
https://twitter.com/XformGameDev,489
https://twitter.com/xeneth,1954
https://twitter.com/unitx48,7947
https://twitter.com/xRedLantern,9508
https://twitter.com/xra,5738
https://twitter.com/Xtonomous,3707
https://twitter.com/xxmissarichanxx,289
https://twitter.com/Xysspon,2714
https://twitter.com/YagmanX,2676
https://twitter.com/yangyangmobile,3332
https://twitter.com/theyaniwang,980
https://twitter.com/yankooliveira,131
https://twitter.com/yannish,4608
https://twitter.com/Yarn_Spinners,1515
https://twitter.com/GameDevYal,4141
https://twitter.com/YFarazan,5244
https://twitter.com/YashpalJavia,767
https://twitter.com/YCJYgames,6238
https://twitter.com/yllogique,1514
https://twitter.com/yetmania,1788
https://twitter.com/AllibertYoan,1842
https://twitter.com/YokerebaGames,1446
https://twitter.com/Yomieda,9404
https://twitter.com/yookond,7419
https://twitter.com/yongjustyong,6603
https://twitter.com/yoraee,801
https://twitter.com/yossarianiii,481
https://twitter.com/TonyYotes,6511
https://twitter.com/younghorses,9810
https://twitter.com/yourykiki,7193
https://twitter.com/GossipGuillout,5951
https://twitter.com/YWainczak,1198
https://twitter.com/curtissivess,514
https://twitter.com/yunglads25,6823
https://twitter.com/yuzukimasu,3630
https://twitter.com/dogs_R_cool,1229
https://twitter.com/zack_k,1891
https://twitter.com/ZailDev,8637
https://twitter.com/ZackkRaoulinc,6124
https://twitter.com/zapakitul,2344
https://twitter.com/Zaphyk,7878
https://twitter.com/zarfeblong,9588
https://twitter.com/zarkonnen_com,477
https://twitter.com/zaraegis,4829
https://twitter.com/Zelosfan,731
https://twitter.com/zeknir_,3625
https://twitter.com/zerbamine,9717
https://twitter.com/sergeschateau,6500
https://twitter.com/zerofiftyone_,9778
https://twitter.com/ZeroEchozArt,5445
https://twitter.com/zerouge,1516
https://twitter.com/zertuk,976
https://twitter.com/zerth0,8372
https://twitter.com/zetsubougames,8748
https://twitter.com/zizhen96,442
https://twitter.com/zouharvi,6112
https://twitter.com/Zodrodo,9121
https://twitter.com/rudinski00,949
https://twitter.com/ZwiZausch,716
https://twitter.com/zykoveddy,7803
