game_name,game_release_date,game_url
Dying Light Enhanced Edition,,https://store.steampowered.com/app/239140/Dying_Light/
Resident Evil / biohazard HD REMASTER,"19 Jan, 2016",https://store.steampowered.com/app/304240/Resident_Evil__biohazard_HD_REMASTER/
Counter-Strike: Global Offensive,"21 Aug, 2012",https://store.steampowered.com/app/730/CounterStrike_Global_Offensive/
LEGO Batman: The Videogame,"11 Nov, 2014",https://store.steampowered.com/app/21000/LEGO_Batman_The_Videogame/
Saints Row IV,"15 Jul, 2014",https://store.steampowered.com/app/206420/Saints_Row_IV/
Total War: MEDIEVAL II - Definitive Edition,"27 Nov, 2007",https://store.steampowered.com/app/4700/Total_War_MEDIEVAL_II__Definitive_Edition/
Destiny 2,"10 Dec, 2019",https://store.steampowered.com/app/1085660/Destiny_2/
Galactic Civilizations III,"24 Oct, 2019",https://store.steampowered.com/app/226860/Galactic_Civilizations_III/
Farming Simulator 19,"22 Oct, 2019",https://store.steampowered.com/app/787860/Farming_Simulator_19/
Power Rangers: Battle for the Grid,,https://store.steampowered.com/app/1110100/Power_Rangers_Battle_for_the_Grid/
Kingdom Under Fire 2,"18 Nov, 2019",https://store.steampowered.com/app/1132210/Kingdom_Under_Fire_2/
Train Sim World 2020,"15 Aug, 2019",https://store.steampowered.com/app/530070/Train_Sim_World_2020/
Halo: The Master Chief Collection,"3 Dec, 2019",https://store.steampowered.com/app/976730/Halo_The_Master_Chief_Collection/
Kingdom Come: Deliverance,"28 May, 2019",https://store.steampowered.com/app/379430/Kingdom_Come_Deliverance/
Batman: Arkham Knight,"28 Nov, 2018",https://store.steampowered.com/app/208650/Batman_Arkham_Knight/
MudRunner,"23 Oct, 2018",https://store.steampowered.com/app/675010/MudRunner/
BATTLETECH,"18 Oct, 2018",https://store.steampowered.com/app/637090/BATTLETECH/
Company of Heroes 2,"24 Jun, 2013",https://store.steampowered.com/app/231430/Company_of_Heroes_2/
RESIDENT EVIL 2 / BIOHAZARD RE:2,"24 Jan, 2019",https://store.steampowered.com/app/883710/RESIDENT_EVIL_2__BIOHAZARD_RE2/
ARK: Survival Evolved,"1 Sep, 2016",https://store.steampowered.com/app/346110/ARK_Survival_Evolved/
Fallout 4,"10 Nov, 2015",https://store.steampowered.com/app/377160/Fallout_4/
Saints Row: The Third,"5 Nov, 2012",https://store.steampowered.com/app/55230/Saints_Row_The_Third/
Dungeon Defenders,,https://store.steampowered.com/app/65800/Dungeon_Defenders/
Fallout New Vegas,"6 Feb, 2012",https://store.steampowered.com/app/22380/Fallout_New_Vegas/
Resident Evil 7,"23 Jan, 2017",https://store.steampowered.com/app/418370/RESIDENT_EVIL_7_biohazard__BIOHAZARD_7_resident_evil/
The Witcher 3: Wild Hunt,"30 Aug, 2016",https://store.steampowered.com/app/292030/The_Witcher_3_Wild_Hunt/
Aliens Colonial Marines,,https://store.steampowered.com/app/49540/Aliens_Colonial_Marines_Collection/
Jurassic World Evolution,,https://store.steampowered.com/app/648350/Jurassic_World_Evolution/
Carcassonne - Tiles & Tactics,,https://store.steampowered.com/app/598810/Carcassonne__Tiles__Tactics/
The Jackbox Party Pack,,https://store.steampowered.com/app/331670/The_Jackbox_Party_Pack/
Company of Heroes 2,,https://store.steampowered.com/app/231430/Company_of_Heroes_2/
Borderlands 2,,https://store.steampowered.com/app/49520/Borderlands_2/
theHunter: Call of the Wild,,https://store.steampowered.com/app/518790/theHunter_Call_of_the_Wild/
Stellaris,,https://store.steampowered.com/app/281990/Stellaris/
Assetto Corsa,,https://store.steampowered.com/app/244210/Assetto_Corsa/
Deep Rock Galactic,,https://store.steampowered.com/app/548430/Deep_Rock_Galactic/
South Park: The Stick of Truth,,https://store.steampowered.com/app/213670/South_Park_The_Stick_of_Truth/
Fantasy Grounds,,https://store.steampowered.com/app/252690/Fantasy_Grounds/
Sid Meier's Civilization V,,https://store.steampowered.com/app/8930/Sid_Meiers_Civilization_V/
Grand Theft Auto V,,https://store.steampowered.com/app/271590/Grand_Theft_Auto_V/
Door Kickers,,https://store.steampowered.com/app/248610/Door_Kickers/
Halfway,,https://store.steampowered.com/app/253150/Halfway/
Starbound,"",https://store.steampowered.com/app/211820/Starbound/
Treasure Adventure World,"",https://store.steampowered.com/app/268770/Treasure_Adventure_World/
Timespinner,"",https://store.steampowered.com/app/368620/Timespinner/
Pathway,"",https://store.steampowered.com/app/546430/Pathway/
Wargroove,"",https://store.steampowered.com/app/607050/Wargroove/
American Truck Simulator,,https://store.steampowered.com/app/270880/American_Truck_Simulator/
PAYDAY 2,,https://store.steampowered.com/app/218620/PAYDAY_2/
Darkest Dungeon,,https://store.steampowered.com/app/262060/Darkest_Dungeon/
Sid Meierâ€™s Civilization VI,,https://store.steampowered.com/app/289070/Sid_Meiers_Civilization_VI/
Ticket to Ride,,https://store.steampowered.com/app/108200/Ticket_to_Ride/
Portal,,https://store.steampowered.com/app/400/Portal/
Portal 2,"",https://store.steampowered.com/app/620/Portal_2/
Left 4 Dead,,https://store.steampowered.com/app/500/Left_4_Dead/
Left 4 Dead 2,"",https://store.steampowered.com/app/550/Left_4_Dead_2/
Half-Life,,https://store.steampowered.com/app/70/HalfLife/
Half-Life 2,"",https://store.steampowered.com/app/220/HalfLife_2/
Ride 2,,https://store.steampowered.com/app/477770/Ride_2/
RESIDENT EVIL 3,,https://store.steampowered.com/app/952060/RESIDENT_EVIL_3/
Monster Hunter World,,https://store.steampowered.com/app/582010/MONSTER_HUNTER_WORLD/
Small World 2,,https://store.steampowered.com/app/235620/Small_World_2/
XenoShyft,"",https://store.steampowered.com/app/429390/XenoShyft/
Scythe: Digital Edition,"",https://store.steampowered.com/app/718560/Scythe_Digital_Edition/
Terraforming Mars,"",https://store.steampowered.com/app/800270/Terraforming_Mars/
The Lord of the Rings: Adventure Card Game - Definitive Edition,"",https://store.steampowered.com/app/509580/The_Lord_of_the_Rings_Adventure_Card_Game__Definitive_Edition/
Battlefleet Gothic: Armada 2,,https://store.steampowered.com/app/573100/Battlefleet_Gothic_Armada_2/
Dead Cells,,https://store.steampowered.com/app/588650/Dead_Cells/
Metro 2033 Redux,,https://store.steampowered.com/app/286690/Metro_2033_Redux/
Metro: Last Light Redux,"",https://store.steampowered.com/app/287390/Metro_Last_Light_Redux/
Metro Exodus,"",https://store.steampowered.com/app/412020/Metro_Exodus/
The Walking Dead,,https://store.steampowered.com/app/207610/The_Walking_Dead/
Azur Lane Crosswave,,https://store.steampowered.com/app/1150080/Azur_Lane_Crosswave/
Space Engineers,,https://store.steampowered.com/app/244850/Space_Engineers/
Planet Zoo,,https://store.steampowered.com/app/703080/Planet_Zoo/
Conan Exile,,https://store.steampowered.com/app/440900/Conan_Exiles/
Marvel's Avengers,,https://store.steampowered.com/app/997070/Marvels_Avengers/
Mortal Kombat 11,,https://store.steampowered.com/app/976310/Mortal_Kombat11/
Parkitect,,https://store.steampowered.com/app/453090/Parkitect/
Grim Dawn,,https://store.steampowered.com/app/219990/Grim_Dawn/
DayZ,,https://store.steampowered.com/app/221100/DayZ/
Don't Starve,,https://store.steampowered.com/app/219740/Dont_Starve/
"Invisible, Inc.",,https://store.steampowered.com/app/243970/Invisible_Inc/
Mark of the Ninja: Remastered,"",https://store.steampowered.com/app/860950/Mark_of_the_Ninja_Remastered/
Hot Lava,"",https://store.steampowered.com/app/382560/Hot_Lava/
Oxygen Not Included,"",https://store.steampowered.com/app/457140/Oxygen_Not_Included/
Don't Starve Together,"",https://store.steampowered.com/app/322330/Dont_Starve_Together/
Moonlighter,,https://store.steampowered.com/app/606150/Moonlighter/
Frostpunk,,https://store.steampowered.com/app/323190/Frostpunk/
Shadow of the Tomb Raider: Definitive Edition,,https://store.steampowered.com/app/750920/Shadow_of_the_Tomb_Raider_Definitive_Edition/
Scythe: Digital Edition,,https://store.steampowered.com/app/718560/Scythe_Digital_Edition/
Northgard,,https://store.steampowered.com/app/466560/Northgard/
Age of Empires,,https://store.steampowered.com/app/1017900/Age_of_Empires_Definitive_Edition/
Age of Empires II: Definitive Edition,,https://store.steampowered.com/app/813780/Age_of_Empires_II_Definitive_Edition/
The Escapists 2,,https://store.steampowered.com/app/641990/The_Escapists_2/
Nancy Drew: Ghost of Thornton Hall,,https://store.steampowered.com/app/226820/Nancy_Drew_Ghost_of_Thornton_Hall/
AMID EVIL,,https://store.steampowered.com/app/673130/AMID_EVIL/
DUSK,"",https://store.steampowered.com/app/519860/DUSK/
Forts,,https://store.steampowered.com/app/410900/Forts/
Pathfinder: Kingmaker - Enhanced Edition,,https://store.steampowered.com/app/640820/Pathfinder_Kingmaker__Enhanced_Edition/
Mutant Year Zero: Road to Eden,,https://store.steampowered.com/app/760060/Mutant_Year_Zero_Road_to_Eden/
House Flipper,,https://store.steampowered.com/app/613100/House_Flipper/
Battle Brothers,,https://store.steampowered.com/app/365360/Battle_Brothers/
Planetbase,,https://store.steampowered.com/app/403190/Planetbase/
Dawn of Man,"",https://store.steampowered.com/app/858810/Dawn_of_Man/
FINAL FANTASY XV,,https://store.steampowered.com/app/637650/FINAL_FANTASY_XV_WINDOWS_EDITION/
Subnautica,,https://store.steampowered.com/app/264710/Subnautica/
Marvel's Avengers,"4 Sep, 2020",https://store.steampowered.com/app/997070/Marvels_Avengers/?snr=1_7_7_topsellers_150_6
Spyro Reignited Trilogy,"3 Sep, 2019",https://store.steampowered.com/app/996580/Spyro_Reignited_Trilogy/?snr=1_7_7_topsellers_150_8
Ancient Enemy,"9 Apr, 2020",https://store.steampowered.com/app/993790/Ancient_Enemy/?snr=1_7_7_topsellers_150_6
Legend of Keepers: Career of a Dungeon Master,"19 Mar, 2020",https://store.steampowered.com/app/978520/Legend_of_Keepers_Career_of_a_Dungeon_Master/?snr=1_7_7_topsellers_150_11
Mortal Kombat 11,"23 Apr, 2019",https://store.steampowered.com/app/976310/Mortal_Kombat11/?snr=1_7_7_topsellers_150_9
Pacify,"22 Feb, 2019",https://store.steampowered.com/app/967050/Pacify/?snr=1_7_7_topsellers_150_19
One Step From Eden,"26 Mar, 2020",https://store.steampowered.com/app/960690/One_Step_From_Eden/?snr=1_7_7_topsellers_150_3
Terminator: Resistance,"14 Nov, 2019",https://store.steampowered.com/app/954740/Terminator_Resistance/?snr=1_7_7_topsellers_150_13
Druidstone: The Secret of the Menhir Forest,"15 May, 2019",https://store.steampowered.com/app/954650/Druidstone_The_Secret_of_the_Menhir_Forest/?snr=1_7_7_topsellers_150_17
Jurassic World Evolution: Secrets of Dr Wu,"20 Nov, 2018",https://store.steampowered.com/app/953940/Jurassic_World_Evolution_Secrets_of_Dr_Wu/?snr=1_7_7_topsellers_150_16
RESIDENT EVIL 3,"2 Apr, 2020",https://store.steampowered.com/app/952060/RESIDENT_EVIL_3/?snr=1_7_7_topsellers_150_1
Volcanoids,"29 Jan, 2019",https://store.steampowered.com/app/951440/Volcanoids/?snr=1_7_7_topsellers_150_15
Sid Meier's Civilization VI: Gathering Storm,"13 Feb, 2019",https://store.steampowered.com/app/947510/Sid_Meiers_Civilization_VI_Gathering_Storm/?snr=1_7_7_topsellers_150_1
Stellaris: MegaCorp,"6 Dec, 2018",https://store.steampowered.com/app/944290/Stellaris_MegaCorp/?snr=1_7_7_topsellers_150_12
Garden Flipper,"16 May, 2019",https://store.steampowered.com/app/942290/Garden_Flipper/?snr=1_7_7_topsellers_150_13
Endzone - A World Apart,"2 Apr, 2020",https://store.steampowered.com/app/933820/Endzone__A_World_Apart/?snr=1_7_7_topsellers_150_5
F1 2019,"27 Jun, 2019",https://store.steampowered.com/app/928600/F1_2019/?snr=1_7_7_topsellers_150_10
The Elder Scrolls Online - Elsweyr,"21 May, 2019",https://store.steampowered.com/app/925100/The_Elder_Scrolls_Online__Elsweyr/?snr=1_7_7_topsellers_150_8
The Elder Scrolls Online - Elsweyr,"21 May, 2019",https://store.steampowered.com/app/925100/The_Elder_Scrolls_Online__Elsweyr/?snr=1_7_7_topsellers_150_7
The Elder Scrolls Online - Elsweyr,"21 May, 2019",https://store.steampowered.com/app/925100/The_Elder_Scrolls_Online__Elsweyr/?snr=1_7_7_topsellers_150_4
The Elder Scrolls Online - Elsweyr,"21 May, 2019",https://store.steampowered.com/app/925100/The_Elder_Scrolls_Online__Elsweyr/?snr=1_7_7_topsellers_150_1
Trials of Mana,24th April 2020,https://store.steampowered.com/app/924980/Trials_of_Mana/?snr=1_7_7_topsellers_150_10
OCTOPATH TRAVELER,"7 Jun, 2019",https://store.steampowered.com/app/921570/OCTOPATH_TRAVELER/?snr=1_7_7_topsellers_150_15
Godhood,"10 Jul, 2019",https://store.steampowered.com/app/917150/Godhood/?snr=1_7_7_topsellers_150_19
WORLD OF HORROR,"20 Feb, 2020",https://store.steampowered.com/app/913740/WORLD_OF_HORROR/?snr=1_7_7_topsellers_150_14
Good Company,"31 Mar, 2020",https://store.steampowered.com/app/911430/Good_Company/?snr=1_7_7_topsellers_150_9
Last Oasis,"26 Mar, 2020",https://store.steampowered.com/app/903950/Last_Oasis/?snr=1_7_7_topsellers_150_1
Last Epoch,"30 Apr, 2019",https://store.steampowered.com/app/899770/Last_Epoch/?snr=1_7_7_topsellers_150_9
Axis & Allies 1942 Online,"31 Jul, 2019",https://store.steampowered.com/app/898920/Axis__Allies_1942_Online/?snr=1_7_7_topsellers_150_13
Grim Dawn - Forgotten Gods Expansion,"27 Mar, 2019",https://store.steampowered.com/app/897670/Grim_Dawn__Forgotten_Gods_Expansion/?snr=1_7_7_topsellers_150_9
Sid Meier's Civilization V,"21 Sep, 2010",https://store.steampowered.com/app/8930/Sid_Meiers_Civilization_V/?snr=1_7_7_topsellers_150_11
In Other Waters,"3 Apr, 2020",https://store.steampowered.com/app/890720/In_Other_Waters/?snr=1_7_7_topsellers_150_19
ARK: Extinction - Expansion Pack,"6 Nov, 2018",https://store.steampowered.com/app/887380/ARK_Extinction__Expansion_Pack/?snr=1_7_7_topsellers_150_18
EPHEMERAL -FANTASY ON DARK-,"11 Sep, 2018",https://store.steampowered.com/app/886730/EPHEMERAL_FANTASY_ON_DARK/?snr=1_7_7_topsellers_150_16
RESIDENT EVIL 2 / BIOHAZARD RE:2,"24 Jan, 2019",https://store.steampowered.com/app/883710/RESIDENT_EVIL_2__BIOHAZARD_RE2/?snr=1_7_7_topsellers_150_2
RESIDENT EVIL 2 / BIOHAZARD RE:2,"24 Jan, 2019",https://store.steampowered.com/app/883710/RESIDENT_EVIL_2__BIOHAZARD_RE2/?snr=1_7_7_topsellers_150_1
Six Ages: Ride Like the Wind,"17 Oct, 2019",https://store.steampowered.com/app/881420/Six_Ages_Ride_Like_the_Wind/?snr=1_7_7_topsellers_150_19
Pummel Party,"20 Sep, 2018",https://store.steampowered.com/app/880940/Pummel_Party/?snr=1_7_7_topsellers_150_3
The Walking Dead: The Final Season,"13 Aug, 2018",https://store.steampowered.com/app/866800/The_Walking_Dead_The_Final_Season/?snr=1_7_7_topsellers_150_4
Starcom: Nexus,"12 Dec, 2019",https://store.steampowered.com/app/863590/Starcom_Nexus/?snr=1_7_7_topsellers_150_14
Session: Skateboarding Sim Game,"17 Sep, 2019",https://store.steampowered.com/app/861650/Session_Skateboarding_Sim_Game/?snr=1_7_7_topsellers_150_11
Dawn of Man,"1 Mar, 2019",https://store.steampowered.com/app/858810/Dawn_of_Man/?snr=1_7_7_topsellers_150_2
Dawn of Man,"1 Mar, 2019",https://store.steampowered.com/app/858810/Dawn_of_Man/?snr=1_7_7_topsellers_150_1
DRAGON BALL Z: KAKAROT,"16 Jan, 2020",https://store.steampowered.com/app/851850/DRAGON_BALL_Z_KAKAROT/?snr=1_7_7_topsellers_150_5
Post Scriptum: Supporter Edition Upgrade,"10 Oct, 2018",https://store.steampowered.com/app/848990/Post_Scriptum_Supporter_Edition_Upgrade/?snr=1_7_7_topsellers_150_19
Subnautica: Below Zero,"30 Jan, 2019",https://store.steampowered.com/app/848450/Subnautica_Below_Zero/?snr=1_7_7_topsellers_150_6
Katamari Damacy REROLL,"6 Dec, 2018",https://store.steampowered.com/app/848350/Katamari_Damacy_REROLL/?snr=1_7_7_topsellers_150_18
Outlaws of the Old West,"12 Mar, 2019",https://store.steampowered.com/app/840800/Outlaws_of_the_Old_West/?snr=1_7_7_topsellers_150_10
Total War: WARHAMMER II - Curse of the Vampire Coast,"8 Nov, 2018",https://store.steampowered.com/app/835670/Total_War_WARHAMMER_II__Curse_of_the_Vampire_Coast/?snr=1_7_7_topsellers_150_14
ATLAS,"22 Dec, 2018",https://store.steampowered.com/app/834910/ATLAS/?snr=1_7_7_topsellers_150_12
LEGO DC Super-Villains,"16 Oct, 2018",https://store.steampowered.com/app/829110/LEGO_DC_SuperVillains/?snr=1_7_7_topsellers_150_13
KovaaK 2.0: The Meta,"3 Apr, 2018",https://store.steampowered.com/app/824270/KovaaK_20_The_Meta/?snr=1_7_7_topsellers_150_8
BONEWORKS,"10 Dec, 2019",https://store.steampowered.com/app/823500/BONEWORKS/?snr=1_7_7_topsellers_150_4
Space Hulk: Deathwing - Enhanced Edition,"22 May, 2018",https://store.steampowered.com/app/816090/Space_Hulk_Deathwing__Enhanced_Edition/?snr=1_7_7_topsellers_150_16
Green Hell,"5 Sep, 2019",https://store.steampowered.com/app/815370/Green_Hell/?snr=1_7_7_topsellers_150_1
Sekiro: Shadows Die Twice,"21 Mar, 2019",https://store.steampowered.com/app/814380/Sekiro_Shadows_Die_Twice/?snr=1_7_7_topsellers_150_11
Age of Empires II: Definitive Edition,"14 Nov, 2019",https://store.steampowered.com/app/813780/Age_of_Empires_II_Definitive_Edition/?snr=1_7_7_topsellers_150_2
Assassin's Creed Odyssey,"5 Oct, 2018",https://store.steampowered.com/app/812140/Assassins_Creed_Odyssey/?snr=1_7_7_topsellers_150_5
Deep Rock Galactic - Supporter Upgrade,"28 Feb, 2018",https://store.steampowered.com/app/801860/Deep_Rock_Galactic__Supporter_Upgrade/?snr=1_7_7_topsellers_150_14
American Truck Simulator - Oregon,"4 Oct, 2018",https://store.steampowered.com/app/800370/American_Truck_Simulator__Oregon/?snr=1_7_7_topsellers_150_8
Terraforming Mars,"17 Oct, 2018",https://store.steampowered.com/app/800270/Terraforming_Mars/?snr=1_7_7_topsellers_150_17
Outward,"26 Mar, 2019",https://store.steampowered.com/app/794260/Outward/?snr=1_7_7_topsellers_150_12
Farming Simulator 19,"19 Nov, 2018",https://store.steampowered.com/app/787860/Farming_Simulator_19/?snr=1_7_7_topsellers_150_5
Workers & Resources: Soviet Republic,"15 Mar, 2019",https://store.steampowered.com/app/784150/Workers__Resources_Soviet_Republic/?snr=1_7_7_topsellers_150_15
DOOM Eternal,"19 Mar, 2020",https://store.steampowered.com/app/782330/DOOM_Eternal/?snr=1_7_7_topsellers_150_2
DOOM Eternal,"19 Mar, 2020",https://store.steampowered.com/app/782330/DOOM_Eternal/?snr=1_7_7_topsellers_150_1
DOOM Eternal,"19 Mar, 2020",https://store.steampowered.com/app/782330/DOOM_Eternal/?snr=1_7_7_topsellers_150_1
Black Desert Online - Kakao Cash,"24 Jan, 2018",https://store.steampowered.com/app/780770/Black_Desert_Online__Kakao_Cash/?snr=1_7_7_topsellers_150_3
Gloomhaven,"17 Jul, 2019",https://store.steampowered.com/app/780290/Gloomhaven/?snr=1_7_7_topsellers_150_19
Total War: THREE KINGDOMS,"23 May, 2019",https://store.steampowered.com/app/779340/Total_War_THREE_KINGDOMS/?snr=1_7_7_topsellers_150_5
The Jackbox Party Pack 5,"16 Oct, 2018",https://store.steampowered.com/app/774461/The_Jackbox_Party_Pack_5/?snr=1_7_7_topsellers_150_3
Grand Theft Auto V - Criminal Enterprise Starter Pack,"14 Dec, 2017",https://store.steampowered.com/app/771300/Grand_Theft_Auto_V__Criminal_Enterprise_Starter_Pack/?snr=1_7_7_topsellers_150_11
Leisure Suit Larry - Wet Dreams Don't Dry,"7 Nov, 2018",https://store.steampowered.com/app/765870/Leisure_Suit_Larry__Wet_Dreams_Dont_Dry/?snr=1_7_7_topsellers_150_14
Conan Exiles - The Imperial East Pack,"22 Jun, 2018",https://store.steampowered.com/app/760730/Conan_Exiles__The_Imperial_East_Pack/?snr=1_7_7_topsellers_150_17
Mutant Year Zero: Road to Eden,"4 Dec, 2018",https://store.steampowered.com/app/760060/Mutant_Year_Zero_Road_to_Eden/?snr=1_7_7_topsellers_150_2
Mutant Year Zero: Road to Eden,"4 Dec, 2018",https://store.steampowered.com/app/760060/Mutant_Year_Zero_Road_to_Eden/?snr=1_7_7_topsellers_150_1
VR Kanojo,"8 Apr, 2018",https://store.steampowered.com/app/751440/VR_Kanojo__VR/?snr=1_7_7_topsellers_150_7
Temtem,"21 Jan, 2020",https://store.steampowered.com/app/745920/Temtem/?snr=1_7_7_topsellers_150_5
Post Scriptum,"9 Aug, 2018",https://store.steampowered.com/app/736220/Post_Scriptum/?snr=1_7_7_topsellers_150_10
Crash Bandicoot N. Sane Trilogy,"29 Jun, 2018",https://store.steampowered.com/app/731490/Crash_Bandicoot_N_Sane_Trilogy/?snr=1_7_7_topsellers_150_9
Overcooked! 2,"7 Aug, 2018",https://store.steampowered.com/app/728880/Overcooked_2/?snr=1_7_7_topsellers_150_7
Scythe: Digital Edition,"5 Sep, 2018",https://store.steampowered.com/app/718560/Scythe_Digital_Edition/?snr=1_7_7_topsellers_150_8
Stellaris: Apocalypse,"22 Feb, 2018",https://store.steampowered.com/app/716670/Stellaris_Apocalypse/?snr=1_7_7_topsellers_150_7
Eastshade,"13 Feb, 2019",https://store.steampowered.com/app/715560/Eastshade/?snr=1_7_7_topsellers_150_15
Planet Zoo,"5 Nov, 2019",https://store.steampowered.com/app/703080/Planet_Zoo/?snr=1_7_7_topsellers_150_8
Planet Zoo,"5 Nov, 2019",https://store.steampowered.com/app/703080/Planet_Zoo/?snr=1_7_7_topsellers_150_2
Planet Zoo,"5 Nov, 2019",https://store.steampowered.com/app/703080/Planet_Zoo/?snr=1_7_7_topsellers_150_1
Trine 4: The Nightmare Prince,"8 Oct, 2019",https://store.steampowered.com/app/690640/Trine_4_The_Nightmare_Prince/?snr=1_7_7_topsellers_150_15
Hell Let Loose,"6 Jun, 2019",https://store.steampowered.com/app/686810/Hell_Let_Loose/?snr=1_7_7_topsellers_150_18
Door Kickers: Action Squad,"10 Sep, 2018",https://store.steampowered.com/app/686200/Door_Kickers_Action_Squad/?snr=1_7_7_topsellers_150_2
Door Kickers: Action Squad,"10 Sep, 2018",https://store.steampowered.com/app/686200/Door_Kickers_Action_Squad/?snr=1_7_7_topsellers_150_1
American Truck Simulator - New Mexico,"9 Nov, 2017",https://store.steampowered.com/app/684630/American_Truck_Simulator__New_Mexico/?snr=1_7_7_topsellers_150_14
CODE VEIN,"26 Sep, 2019",https://store.steampowered.com/app/678960/CODE_VEIN/?snr=1_7_7_topsellers_150_4
MudRunner,"30 Oct, 2017",https://store.steampowered.com/app/675010/MudRunner/?snr=1_7_7_topsellers_150_19
"Warhammer 40,000: Mechanicus","15 Nov, 2018",https://store.steampowered.com/app/673880/Warhammer_40000_Mechanicus/?snr=1_7_7_topsellers_150_17
My Time At Portia,"15 Jan, 2019",https://store.steampowered.com/app/666140/My_Time_At_Portia/?snr=1_7_7_topsellers_150_1
UnderMine,"20 Aug, 2019",https://store.steampowered.com/app/656350/UnderMine/?snr=1_7_7_topsellers_150_15
Raft,"23 May, 2018",https://store.steampowered.com/app/648800/Raft/?snr=1_7_7_topsellers_150_4
Jurassic World Evolution,"11 Jun, 2018",https://store.steampowered.com/app/648350/Jurassic_World_Evolution/?snr=1_7_7_topsellers_150_6
The Crew 2,"28 Jun, 2018",https://store.steampowered.com/app/646910/The_Crew_2/?snr=1_7_7_topsellers_150_10
Car Mechanic Simulator 2018,"28 Jul, 2017",https://store.steampowered.com/app/645630/Car_Mechanic_Simulator_2018/?snr=1_7_7_topsellers_150_12
Sid Meier's Civilization VI: Rise and Fall,"7 Feb, 2018",https://store.steampowered.com/app/645402/Sid_Meiers_Civilization_VI_Rise_and_Fall/?snr=1_7_7_topsellers_150_1
Grim Dawn - Ashes of Malmouth Expansion,"11 Oct, 2017",https://store.steampowered.com/app/642280/Grim_Dawn__Ashes_of_Malmouth_Expansion/?snr=1_7_7_topsellers_150_11
The Escapists 2,"21 Aug, 2017",https://store.steampowered.com/app/641990/The_Escapists_2/?snr=1_7_7_topsellers_150_5
Cooking Simulator,"6 Jun, 2019",https://store.steampowered.com/app/641320/Cooking_Simulator/?snr=1_7_7_topsellers_150_18
Pathfinder: Kingmaker - Enhanced Edition,"25 Sep, 2018",https://store.steampowered.com/app/640820/Pathfinder_Kingmaker__Enhanced_Edition/?snr=1_7_7_topsellers_150_8
FINAL FANTASY XV WINDOWS EDITION,"6 Mar, 2018",https://store.steampowered.com/app/637650/FINAL_FANTASY_XV_WINDOWS_EDITION/?snr=1_7_7_topsellers_150_16
Disco Elysium,"15 Oct, 2019",https://store.steampowered.com/app/632470/Disco_Elysium/?snr=1_7_7_topsellers_150_11
Risk of Rain 2,"28 Mar, 2019",https://store.steampowered.com/app/632360/Risk_of_Rain_2/?snr=1_7_7_topsellers_150_1
MORDHAU,"29 Apr, 2019",https://store.steampowered.com/app/629760/MORDHAU/?snr=1_7_7_topsellers_150_8
Blade and Sorcery,"11 Dec, 2018",https://store.steampowered.com/app/629730/Blade_and_Sorcery/?snr=1_7_7_topsellers_150_10
Injustice 2,"14 Nov, 2017",https://store.steampowered.com/app/627270/Injustice_2/?snr=1_7_7_topsellers_150_9
Injustice 2,"14 Nov, 2017",https://store.steampowered.com/app/627270/Injustice_2/?snr=1_7_7_topsellers_150_2
Injustice 2,"14 Nov, 2017",https://store.steampowered.com/app/627270/Injustice_2/?snr=1_7_7_topsellers_150_1
PC Building Simulator,"29 Jan, 2019",https://store.steampowered.com/app/621060/PC_Building_Simulator/?snr=1_7_7_topsellers_150_16
Beat Saber,"21 May, 2019",https://store.steampowered.com/app/620980/Beat_Saber/?snr=1_7_7_topsellers_150_3
A Clockwork Ley-Line: The Borderline of Dusk,"18 Dec, 2017",https://store.steampowered.com/app/620080/A_Clockwork_LeyLine_The_Borderline_of_Dusk/?snr=1_7_7_topsellers_150_19
Portal 2,"18 Apr, 2011",https://store.steampowered.com/app/620/Portal_2/?snr=1_7_7_topsellers_150_13
Total War: WARHAMMER II - Rise of the Tomb Kings,"24 Jan, 2018",https://store.steampowered.com/app/617870/Total_War_WARHAMMER_II__Rise_of_the_Tomb_Kings/?snr=1_7_7_topsellers_150_16
SUPERHOT VR,"25 May, 2017",https://store.steampowered.com/app/617830/SUPERHOT_VR/?snr=1_7_7_topsellers_150_12
Remnant: From the Ashes,"19 Aug, 2019",https://store.steampowered.com/app/617290/Remnant_From_the_Ashes/?snr=1_7_7_topsellers_150_13
House Flipper,"17 May, 2018",https://store.steampowered.com/app/613100/House_Flipper/?snr=1_7_7_topsellers_150_5
House Party,"30 Jun, 2017",https://store.steampowered.com/app/611790/House_Party/?snr=1_7_7_topsellers_150_16
The Jackbox Party Pack 4,"18 Oct, 2017",https://store.steampowered.com/app/610180/The_Jackbox_Party_Pack_4/?snr=1_7_7_topsellers_150_2
The Jackbox Party Pack 4,"18 Oct, 2017",https://store.steampowered.com/app/610180/The_Jackbox_Party_Pack_4/?snr=1_7_7_topsellers_150_1
Wargroove,"1 Feb, 2019",https://store.steampowered.com/app/607050/Wargroove/?snr=1_7_7_topsellers_150_2
Wargroove,"1 Feb, 2019",https://store.steampowered.com/app/607050/Wargroove/?snr=1_7_7_topsellers_150_1
Moonlighter,"29 May, 2018",https://store.steampowered.com/app/606150/Moonlighter/?snr=1_7_7_topsellers_150_18
Barotrauma,"5 Jun, 2019",https://store.steampowered.com/app/602960/Barotrauma/?snr=1_7_7_topsellers_150_17
Megaquarium,"13 Sep, 2018",https://store.steampowered.com/app/600480/Megaquarium/?snr=1_7_7_topsellers_150_8
Hunt: Showdown,"27 Aug, 2019",https://store.steampowered.com/app/594650/Hunt_Showdown/?snr=1_7_7_topsellers_150_4
Total War: WARHAMMER II,"28 Sep, 2017",https://store.steampowered.com/app/594570/Total_War_WARHAMMER_II/?snr=1_7_7_topsellers_150_3
Dead Cells,"6 Aug, 2018",https://store.steampowered.com/app/588650/Dead_Cells/?snr=1_7_7_topsellers_150_13
Trailmakers,"18 Sep, 2019",https://store.steampowered.com/app/585420/Trailmakers/?snr=1_7_7_topsellers_150_19
Black Desert Online,"24 May, 2017",https://store.steampowered.com/app/582660/Black_Desert_Online/?snr=1_7_7_topsellers_150_8
Black Desert Online,"24 May, 2017",https://store.steampowered.com/app/582660/Black_Desert_Online/?snr=1_7_7_topsellers_150_8
MONSTER HUNTER: WORLD,"9 Aug, 2018",https://store.steampowered.com/app/582010/MONSTER_HUNTER_WORLD/?snr=1_7_7_topsellers_150_4
Call of Duty: Black Ops III - Zombies Chronicles,"15 Jun, 2017",https://store.steampowered.com/app/581450/Call_of_Duty_Black_Ops_III__Zombies_Chronicles/?snr=1_7_7_topsellers_150_14
Insurgency: Sandstorm,"12 Dec, 2018",https://store.steampowered.com/app/581320/Insurgency_Sandstorm/?snr=1_7_7_topsellers_150_9
PLAYERUNKNOWN'S BATTLEGROUNDS,"21 Dec, 2017",https://store.steampowered.com/app/578080/PLAYERUNKNOWNS_BATTLEGROUNDS/?snr=1_7_7_topsellers_150_3
Space Engineers Deluxe,"4 Jan, 2017",https://store.steampowered.com/app/573160/Space_Engineers_Deluxe/?snr=1_7_7_topsellers_150_9
Battlefleet Gothic: Armada 2,"24 Jan, 2019",https://store.steampowered.com/app/573100/Battlefleet_Gothic_Armada_2/?snr=1_7_7_topsellers_150_10
DARK SOULS: REMASTERED,"23 May, 2018",https://store.steampowered.com/app/570940/DARK_SOULS_REMASTERED/?snr=1_7_7_topsellers_150_6
Danganronpa V3: Killing Harmony,"25 Sep, 2017",https://store.steampowered.com/app/567640/Danganronpa_V3_Killing_Harmony/?snr=1_7_7_topsellers_150_18
LOST EMBER,"22 Nov, 2019",https://store.steampowered.com/app/563840/LOST_EMBER/?snr=1_7_7_topsellers_150_18
MONOPOLY PLUS,"7 Sep, 2017",https://store.steampowered.com/app/562810/MONOPOLY_PLUS/?snr=1_7_7_topsellers_150_11
Pavlov VR,"27 Feb, 2017",https://store.steampowered.com/app/555160/Pavlov_VR/?snr=1_7_7_topsellers_150_10
Stellaris: Utopia,"6 Apr, 2017",https://store.steampowered.com/app/553280/Stellaris_Utopia/?snr=1_7_7_topsellers_150_7
Far Cry 5,"26 Mar, 2018",https://store.steampowered.com/app/552520/Far_Cry_5/?snr=1_7_7_topsellers_150_5
"Warhammer 40,000: Space Marine","5 Sep, 2011",https://store.steampowered.com/app/55150/Warhammer_40000_Space_Marine/?snr=1_7_7_topsellers_150_18
Left 4 Dead 2,"16 Nov, 2009",https://store.steampowered.com/app/550/Left_4_Dead_2/?snr=1_7_7_topsellers_150_7
Deep Rock Galactic,"28 Feb, 2018",https://store.steampowered.com/app/548430/Deep_Rock_Galactic/?snr=1_7_7_topsellers_150_6
Cities: Skylines - Mass Transit,"18 May, 2017",https://store.steampowered.com/app/547502/Cities_Skylines__Mass_Transit/?snr=1_7_7_topsellers_150_15
Half-Life: Alyx,"23 Mar, 2020",https://store.steampowered.com/app/546560/HalfLife_Alyx/?snr=1_7_7_topsellers_150_1
Half-Life: Alyx,"23 Mar, 2020",https://store.steampowered.com/app/546560/HalfLife_Alyx/?snr=1_7_7_topsellers_150_1
Pathway,"11 Apr, 2019",https://store.steampowered.com/app/546430/Pathway/?snr=1_7_7_topsellers_150_10
The Walking Dead: A New Frontier,"20 Dec, 2016",https://store.steampowered.com/app/536220/The_Walking_Dead_A_New_Frontier/?snr=1_7_7_topsellers_150_7
Just Shapes & Beats,"31 May, 2018",https://store.steampowered.com/app/531510/Just_Shapes__Beats/?snr=1_7_7_topsellers_150_9
For The King,"19 Apr, 2018",https://store.steampowered.com/app/527230/For_The_King/?snr=1_7_7_topsellers_150_14
GUILTY GEAR Xrd -REVELATOR-,"14 Dec, 2016",https://store.steampowered.com/app/520440/GUILTY_GEAR_Xrd_REVELATOR/?snr=1_7_7_topsellers_150_13
BIGFOOT,Jan-17,https://store.steampowered.com/app/509980/BIGFOOT/?snr=1_7_7_topsellers_150_11
Foxhole,"27 Jul, 2017",https://store.steampowered.com/app/505460/Foxhole/?snr=1_7_7_topsellers_150_15
State of Decay 2: Juggernaut Edition,"13 Mar, 2020",https://store.steampowered.com/app/495420/State_of_Decay_2_Juggernaut_Edition/?snr=1_7_7_topsellers_150_4
DC Universe Online - Ultimate Edition (2016),"23 Jun, 2016",https://store.steampowered.com/app/494391/DC_Universe_Online__Ultimate_Edition_2016/?snr=1_7_7_topsellers_150_6
GTFO,"9 Dec, 2019",https://store.steampowered.com/app/493520/GTFO/?snr=1_7_7_topsellers_150_2
GTFO,"9 Dec, 2019",https://store.steampowered.com/app/493520/GTFO/?snr=1_7_7_topsellers_150_1
Planet Coaster,"17 Nov, 2016",https://store.steampowered.com/app/493340/Planet_Coaster/?snr=1_7_7_topsellers_150_11
The Elder Scrolls V: Skyrim Special Edition,"27 Oct, 2016",https://store.steampowered.com/app/489830/The_Elder_Scrolls_V_Skyrim_Special_Edition/?snr=1_7_7_topsellers_150_2
The Elder Scrolls V: Skyrim Special Edition,"27 Oct, 2016",https://store.steampowered.com/app/489830/The_Elder_Scrolls_V_Skyrim_Special_Edition/?snr=1_7_7_topsellers_150_1
Mount & Blade: Warband,"31 Mar, 2010",https://store.steampowered.com/app/48700/Mount__Blade_Warband/?snr=1_7_7_topsellers_150_13
The Sims 3,"27 Jan, 2011",https://store.steampowered.com/app/47890/The_Sims_3/?snr=1_7_7_topsellers_150_5
Human: Fall Flat,"22 Jul, 2016",https://store.steampowered.com/app/477160/Human_Fall_Flat/?snr=1_7_7_topsellers_150_3
Northgard,"7 Mar, 2018",https://store.steampowered.com/app/466560/Northgard/?snr=1_7_7_topsellers_150_11
Surviving Mars,"15 Mar, 2018",https://store.steampowered.com/app/464920/Surviving_Mars/?snr=1_7_7_topsellers_150_18
Tom Clancy's Ghost Recon Wildlands,"6 Mar, 2017",https://store.steampowered.com/app/460930/Tom_Clancys_Ghost_Recon_Wildlands/?snr=1_7_7_topsellers_150_12
Oxygen Not Included,"30 Jul, 2019",https://store.steampowered.com/app/457140/Oxygen_Not_Included/?snr=1_7_7_topsellers_150_10
"Hot Dogs, Horseshoes & Hand Grenades","5 Apr, 2016",https://store.steampowered.com/app/450540/Hot_Dogs_Horseshoes__Hand_Grenades/?snr=1_7_7_topsellers_150_17
Monster Boy and the Cursed Kingdom,"25 Jul, 2019",https://store.steampowered.com/app/449610/Monster_Boy_and_the_Cursed_Kingdom/?snr=1_7_7_topsellers_150_19
Watch_Dogs 2,"28 Nov, 2016",https://store.steampowered.com/app/447040/Watch_Dogs_2/?snr=1_7_7_topsellers_150_12
DARK SOULS III - Season Pass,Jun-16,https://store.steampowered.com/app/442010/DARK_SOULS_III__Season_Pass/?snr=1_7_7_topsellers_150_19
Conan Exiles,"8 May, 2018",https://store.steampowered.com/app/440900/Conan_Exiles/?snr=1_7_7_topsellers_150_11
The Legend of Heroes: Trails in the Sky the 3rd,"3 May, 2017",https://store.steampowered.com/app/436670/The_Legend_of_Heroes_Trails_in_the_Sky_the_3rd/?snr=1_7_7_topsellers_150_19
Divinity: Original Sin 2 - Definitive Edition,"14 Sep, 2017",https://store.steampowered.com/app/435150/Divinity_Original_Sin_2__Definitive_Edition/?snr=1_7_7_topsellers_150_8
The Jackbox Party Pack 3,"17 Oct, 2016",https://store.steampowered.com/app/434170/The_Jackbox_Party_Pack_3/?snr=1_7_7_topsellers_150_1
Slime Rancher,"1 Aug, 2017",https://store.steampowered.com/app/433340/Slime_Rancher/?snr=1_7_7_topsellers_150_12
Wallpaper Engine,"16 Nov, 2018",https://store.steampowered.com/app/431960/Wallpaper_Engine/?snr=1_7_7_topsellers_150_9
Golf With Your Friends,"29 Jan, 2016",https://store.steampowered.com/app/431240/Golf_With_Your_Friends/?snr=1_7_7_topsellers_150_9
Factorio,"25 Feb, 2016",https://store.steampowered.com/app/427520/Factorio/?snr=1_7_7_topsellers_150_9
Call of Duty: Black Ops,"9 Nov, 2010",https://store.steampowered.com/app/42700/Call_of_Duty_Black_Ops/?snr=1_7_7_topsellers_150_15
Wolcen: Lords of Mayhem,"13 Feb, 2020",https://store.steampowered.com/app/424370/Wolcen_Lords_of_Mayhem/?snr=1_7_7_topsellers_150_4
Indivisible,"8 Oct, 2019",https://store.steampowered.com/app/421170/Indivisible/?snr=1_7_7_topsellers_150_6
Kart Racing Pro,"14 Jul, 2017",https://store.steampowered.com/app/415600/Kart_Racing_Pro/?snr=1_7_7_topsellers_150_15
Stardew Valley,"26 Feb, 2016",https://store.steampowered.com/app/413150/Stardew_Valley/?snr=1_7_7_topsellers_150_2
Stardew Valley,"26 Feb, 2016",https://store.steampowered.com/app/413150/Stardew_Valley/?snr=1_7_7_topsellers_150_1
Metro Exodus,"14 Feb, 2020",https://store.steampowered.com/app/412020/Metro_Exodus/?snr=1_7_7_topsellers_150_13
Tank Mechanic Simulator,"20 Feb, 2020",https://store.steampowered.com/app/407130/Tank_Mechanic_Simulator/?snr=1_7_7_topsellers_150_12
Total War: WARHAMMER - The King and the Warlord,"20 Oct, 2016",https://store.steampowered.com/app/404014/Total_War_WARHAMMER__The_King_and_the_Warlord/?snr=1_7_7_topsellers_150_16
Dishonored 2,"11 Nov, 2016",https://store.steampowered.com/app/403640/Dishonored_2/?snr=1_7_7_topsellers_150_18
Planetbase,"15 Oct, 2015",https://store.steampowered.com/app/403190/Planetbase/?snr=1_7_7_topsellers_150_12
Garry's Mod,"29 Nov, 2006",https://store.steampowered.com/app/4000/Garrys_Mod/?snr=1_7_7_topsellers_150_5
Portal,"10 Oct, 2007",https://store.steampowered.com/app/400/Portal/?snr=1_7_7_topsellers_150_15
Borderlands 3,"13 Mar, 2020",https://store.steampowered.com/app/397540/Borderlands_3/?snr=1_7_7_topsellers_150_9
Borderlands 3,"13 Mar, 2020",https://store.steampowered.com/app/397540/Borderlands_3/?snr=1_7_7_topsellers_150_3
Borderlands 3,"13 Mar, 2020",https://store.steampowered.com/app/397540/Borderlands_3/?snr=1_7_7_topsellers_150_2
Borderlands 3,"13 Mar, 2020",https://store.steampowered.com/app/397540/Borderlands_3/?snr=1_7_7_topsellers_150_1
The Jackbox Party Pack 2,"13 Oct, 2015",https://store.steampowered.com/app/397460/The_Jackbox_Party_Pack_2/?snr=1_7_7_topsellers_150_2
The Jackbox Party Pack 2,"13 Oct, 2015",https://store.steampowered.com/app/397460/The_Jackbox_Party_Pack_2/?snr=1_7_7_topsellers_150_1
X4: Foundations,"30 Nov, 2018",https://store.steampowered.com/app/392160/X4_Foundations/?snr=1_7_7_topsellers_150_6
FINAL FANTASY XIV Online,"18 Feb, 2014",https://store.steampowered.com/app/39210/FINAL_FANTASY_XIV_Online/?snr=1_7_7_topsellers_150_7
FINAL FANTASY VII,"4 Jul, 2013",https://store.steampowered.com/app/39140/FINAL_FANTASY_VII/?snr=1_7_7_topsellers_150_12
TEKKEN 7,"1 Jun, 2017",https://store.steampowered.com/app/389730/TEKKEN_7/?snr=1_7_7_topsellers_150_9
Ori and the Blind Forest: Definitive Edition,"27 Apr, 2016",https://store.steampowered.com/app/387290/Ori_and_the_Blind_Forest_Definitive_Edition/?snr=1_7_7_topsellers_150_16
Brawlhalla - All Legends (Current and Future),"26 Aug, 2015",https://store.steampowered.com/app/387020/Brawlhalla__All_Legends_Current_and_Future/?snr=1_7_7_topsellers_150_16
Rivals of Aether,"28 Mar, 2017",https://store.steampowered.com/app/383980/Rivals_of_Aether/?snr=1_7_7_topsellers_150_6
Dead by Daylight,"14 Jun, 2016",https://store.steampowered.com/app/381210/Dead_by_Daylight/?snr=1_7_7_topsellers_150_7
DOOM,"12 May, 2016",https://store.steampowered.com/app/379720/DOOM/?snr=1_7_7_topsellers_150_7
Kingdom Come: Deliverance,"13 Feb, 2018",https://store.steampowered.com/app/379430/Kingdom_Come_Deliverance/?snr=1_7_7_topsellers_150_6
Project CARS 2,"21 Sep, 2017",https://store.steampowered.com/app/378860/Project_CARS_2/?snr=1_7_7_topsellers_150_10
GTA V: Whale Shark Cash Card (Placeholder DLC),,https://store.steampowered.com/app/376854/GTA_V_Whale_Shark_Cash_Card_Placeholder_DLC/?snr=1_7_7_topsellers_150_9
GTA V: Whale Shark Cash Card (Placeholder DLC),,https://store.steampowered.com/app/376854/GTA_V_Whale_Shark_Cash_Card_Placeholder_DLC/?snr=1_7_7_topsellers_150_13
GTA V: Great White Shark Cash Card (Placeholder DLC),,https://store.steampowered.com/app/376853/GTA_V_Great_White_Shark_Cash_Card_Placeholder_DLC/?snr=1_7_7_topsellers_150_14
DARK SOULS III,"11 Apr, 2016",https://store.steampowered.com/app/374320/DARK_SOULS_III/?snr=1_7_7_topsellers_150_10
Divinity: Original Sin - Enhanced Edition,"27 Oct, 2015",https://store.steampowered.com/app/373420/Divinity_Original_Sin__Enhanced_Edition/?snr=1_7_7_topsellers_150_17
Timespinner,"25 Sep, 2018",https://store.steampowered.com/app/368620/Timespinner/?snr=1_7_7_topsellers_150_10
Assassin's Creed Syndicate,"18 Nov, 2015",https://store.steampowered.com/app/368500/Assassins_Creed_Syndicate/?snr=1_7_7_topsellers_150_19
Hollow Knight,"24 Feb, 2017",https://store.steampowered.com/app/367520/Hollow_Knight/?snr=1_7_7_topsellers_150_11
Total War: WARHAMMER,"24 May, 2016",https://store.steampowered.com/app/364360/Total_War_WARHAMMER/?snr=1_7_7_topsellers_150_5
Black Mesa,"6 Mar, 2020",https://store.steampowered.com/app/362890/Black_Mesa/?snr=1_7_7_topsellers_150_7
ASTRONEER,"5 Feb, 2019",https://store.steampowered.com/app/361420/ASTRONEER/?snr=1_7_7_topsellers_150_8
Tom Clancy's Rainbow Six Siege,"1 Dec, 2015",https://store.steampowered.com/app/359550/Tom_Clancys_Rainbow_Six_Siege/?snr=1_7_7_topsellers_150_4
Elite Dangerous,"2 Apr, 2015",https://store.steampowered.com/app/359320/Elite_Dangerous/?snr=1_7_7_topsellers_150_17
Quiplash,"30 Jun, 2015",https://store.steampowered.com/app/351510/Quiplash/?snr=1_7_7_topsellers_150_10
ARK: Survival Evolved,"29 Aug, 2017",https://store.steampowered.com/app/346110/ARK_Survival_Evolved/?snr=1_7_7_topsellers_150_1
Vox Machinae,"26 Sep, 2018",https://store.steampowered.com/app/334540/Vox_Machinae/?snr=1_7_7_topsellers_150_18
Plebby Quest: The Crusades,"8 Apr, 2020",https://store.steampowered.com/app/334310/Plebby_Quest_The_Crusades/?snr=1_7_7_topsellers_150_7
Axiom Verge,"14 May, 2015",https://store.steampowered.com/app/332200/Axiom_Verge/?snr=1_7_7_topsellers_150_18
The Jackbox Party Pack,"26 Nov, 2014",https://store.steampowered.com/app/331670/The_Jackbox_Party_Pack/?snr=1_7_7_topsellers_150_2
The Jackbox Party Pack,"26 Nov, 2014",https://store.steampowered.com/app/331670/The_Jackbox_Party_Pack/?snr=1_7_7_topsellers_150_1
Total War: ATTILA,"17 Feb, 2015",https://store.steampowered.com/app/325610/Total_War_ATTILA/?snr=1_7_7_topsellers_150_14
STAR WARS Empire at War - Gold Pack,"25 May, 2010",https://store.steampowered.com/app/32470/STAR_WARS_Empire_at_War__Gold_Pack/?snr=1_7_7_topsellers_150_9
STAR WARS - Knights of the Old Republic,"5 Sep, 2009",https://store.steampowered.com/app/32370/STAR_WARS__Knights_of_the_Old_Republic/?snr=1_7_7_topsellers_150_16
Frostpunk,"24 Apr, 2018",https://store.steampowered.com/app/323190/Frostpunk/?snr=1_7_7_topsellers_150_18
Don't Starve Together,"21 Apr, 2016",https://store.steampowered.com/app/322330/Dont_Starve_Together/?snr=1_7_7_topsellers_150_6
Company of Heroes 2 - Ardennes Assault,"17 Nov, 2014",https://store.steampowered.com/app/317850/Company_of_Heroes_2__Ardennes_Assault/?snr=1_7_7_topsellers_150_19
Stranded Deep,"23 Jan, 2015",https://store.steampowered.com/app/313120/Stranded_Deep/?snr=1_7_7_topsellers_150_14
Call of Duty: Black Ops III,"5 Nov, 2015",https://store.steampowered.com/app/311210/Call_of_Duty_Black_Ops_III/?snr=1_7_7_topsellers_150_5
The Elder Scrolls Online,"22 May, 2017",https://store.steampowered.com/app/306130/The_Elder_Scrolls_Online/?snr=1_7_7_topsellers_150_3
The Long Dark,"1 Aug, 2017",https://store.steampowered.com/app/305620/The_Long_Dark/?snr=1_7_7_topsellers_150_12
FOR HONOR,"13 Feb, 2017",https://store.steampowered.com/app/304390/FOR_HONOR/?snr=1_7_7_topsellers_150_18
Fantasy Grounds - Ultimate Upgrade,"23 May, 2014",https://store.steampowered.com/app/300870/Fantasy_Grounds__Ultimate_Upgrade/?snr=1_7_7_topsellers_150_7
RimWorld,"17 Oct, 2018",https://store.steampowered.com/app/294100/RimWorld/?snr=1_7_7_topsellers_150_6
The Witcher 3: Wild Hunt,"18 May, 2015",https://store.steampowered.com/app/292030/The_Witcher_3_Wild_Hunt/?snr=1_7_7_topsellers_150_7
Sid Meier's Civilization VI,"20 Oct, 2016",https://store.steampowered.com/app/289070/Sid_Meiers_Civilization_VI/?snr=1_7_7_topsellers_150_1
Rise of Nations: Extended Edition,"12 Jun, 2014",https://store.steampowered.com/app/287450/Rise_of_Nations_Extended_Edition/?snr=1_7_7_topsellers_150_17
Tabletop Simulator,"5 Jun, 2015",https://store.steampowered.com/app/286160/Tabletop_Simulator/?snr=1_7_7_topsellers_150_1
"Warhammer 40,000: Dawn of War III","27 Apr, 2017",https://store.steampowered.com/app/285190/Warhammer_40000_Dawn_of_War_III/?snr=1_7_7_topsellers_150_9
BeamNG.drive,"29 May, 2015",https://store.steampowered.com/app/284160/BeamNGdrive/?snr=1_7_7_topsellers_150_6
Stellaris,"9 May, 2016",https://store.steampowered.com/app/281990/Stellaris/?snr=1_7_7_topsellers_150_8
Homeworld: Deserts of Kharak,"20 Jan, 2016",https://store.steampowered.com/app/281610/Homeworld_Deserts_of_Kharak/?snr=1_7_7_topsellers_150_15
No Man's Sky,"12 Aug, 2016",https://store.steampowered.com/app/275850/No_Mans_Sky/?snr=1_7_7_topsellers_150_1
Brigador: Up-Armored Edition,"2 Jun, 2016",https://store.steampowered.com/app/274500/Brigador_UpArmored_Edition/?snr=1_7_7_topsellers_150_17
Grand Theft Auto V,"13 Apr, 2015",https://store.steampowered.com/app/271590/Grand_Theft_Auto_V/?snr=1_7_7_topsellers_150_1
American Truck Simulator,"2 Feb, 2016",https://store.steampowered.com/app/270880/American_Truck_Simulator/?snr=1_7_7_topsellers_150_5
Age of Mythology: Extended Edition,"8 May, 2014",https://store.steampowered.com/app/266840/Age_of_Mythology_Extended_Edition/?snr=1_7_7_topsellers_150_11
Age of Mythology: Extended Edition,"8 May, 2014",https://store.steampowered.com/app/266840/Age_of_Mythology_Extended_Edition/?snr=1_7_7_topsellers_150_11
Subnautica,"23 Jan, 2018",https://store.steampowered.com/app/264710/Subnautica/?snr=1_7_7_topsellers_150_2
Subnautica,"23 Jan, 2018",https://store.steampowered.com/app/264710/Subnautica/?snr=1_7_7_topsellers_150_1
Darkest Dungeon,"19 Jan, 2016",https://store.steampowered.com/app/262060/Darkest_Dungeon/?snr=1_7_7_topsellers_150_14
Mount & Blade II: Bannerlord,"30 Mar, 2020",https://store.steampowered.com/app/261550/Mount__Blade_II_Bannerlord/?snr=1_7_7_topsellers_150_1
The Walking Dead: Season Two,"17 Dec, 2013",https://store.steampowered.com/app/261030/The_Walking_Dead_Season_Two/?snr=1_7_7_topsellers_150_17
The Talos Principle,"11 Dec, 2014",https://store.steampowered.com/app/257510/The_Talos_Principle/?snr=1_7_7_topsellers_150_19
Cities: Skylines,"10 Mar, 2015",https://store.steampowered.com/app/255710/Cities_Skylines/?snr=1_7_7_topsellers_150_4
resident evil 4 / biohazard 4,"27 Feb, 2014",https://store.steampowered.com/app/254700/resident_evil_4__biohazard_4/?snr=1_7_7_topsellers_150_18
Rocket League,"6 Jul, 2015",https://store.steampowered.com/app/252950/Rocket_League/?snr=1_7_7_topsellers_150_2
Rocket League,"6 Jul, 2015",https://store.steampowered.com/app/252950/Rocket_League/?snr=1_7_7_topsellers_150_1
Fantasy Grounds,"9 May, 2014",https://store.steampowered.com/app/252690/Fantasy_Grounds/?snr=1_7_7_topsellers_150_7
Rust,"8 Feb, 2018",https://store.steampowered.com/app/252490/Rust/?snr=1_7_7_topsellers_150_4
7 Days to Die,"13 Dec, 2013",https://store.steampowered.com/app/251570/7_Days_to_Die/?snr=1_7_7_topsellers_150_5
Overgrowth,"16 Oct, 2017",https://store.steampowered.com/app/25000/Overgrowth/?snr=1_7_7_topsellers_150_12
Door Kickers,"20 Oct, 2014",https://store.steampowered.com/app/248610/Door_Kickers/?snr=1_7_7_topsellers_150_17
Plague Inc: Evolved,"18 Feb, 2016",https://store.steampowered.com/app/246620/Plague_Inc_Evolved/?snr=1_7_7_topsellers_150_14
Space Engineers,"28 Feb, 2019",https://store.steampowered.com/app/244850/Space_Engineers/?snr=1_7_7_topsellers_150_1
Assetto Corsa,"19 Dec, 2014",https://store.steampowered.com/app/244210/Assetto_Corsa/?snr=1_7_7_topsellers_150_10
The Forest,"30 Apr, 2018",https://store.steampowered.com/app/242760/The_Forest/?snr=1_7_7_topsellers_150_3
DCS: UH-1H Huey,"2 Sep, 2013",https://store.steampowered.com/app/240500/DCS_UH1H_Huey/?snr=1_7_7_topsellers_150_13
Counter-Strike: Source,"1 Nov, 2004",https://store.steampowered.com/app/240/CounterStrike_Source/?snr=1_7_7_topsellers_150_16
Dying Light,"26 Jan, 2015",https://store.steampowered.com/app/239140/Dying_Light/?snr=1_7_7_topsellers_150_10
Europa Universalis IV,"13 Aug, 2013",https://store.steampowered.com/app/236850/Europa_Universalis_IV/?snr=1_7_7_topsellers_150_10
Sid Meier's Civilization V: Brave New World,"8 Jul, 2013",https://store.steampowered.com/app/235580/Sid_Meiers_Civilization_V_Brave_New_World/?snr=1_7_7_topsellers_150_19
Kenshi,"6 Dec, 2018",https://store.steampowered.com/app/233860/Kenshi/?snr=1_7_7_topsellers_150_8
Stronghold Crusader 2,"22 Sep, 2014",https://store.steampowered.com/app/232890/Stronghold_Crusader_2/?snr=1_7_7_topsellers_150_19
Baldur's Gate: Enhanced Edition,"16 Jan, 2013",https://store.steampowered.com/app/228280/Baldurs_Gate_Enhanced_Edition/?snr=1_7_7_topsellers_150_18
Fallout 3: Game of the Year Edition,"17 Dec, 2009",https://store.steampowered.com/app/22370/Fallout_3_Game_of_the_Year_Edition/?snr=1_7_7_topsellers_150_14
Age of Empires II (2013),"9 Apr, 2013",https://store.steampowered.com/app/221380/Age_of_Empires_II_2013/?snr=1_7_7_topsellers_150_11
DayZ,"13 Dec, 2018",https://store.steampowered.com/app/221100/DayZ/?snr=1_7_7_topsellers_150_3
Far Cry 3,"4 Dec, 2012",https://store.steampowered.com/app/220240/Far_Cry_3/?snr=1_7_7_topsellers_150_17
Kerbal Space Program,"27 Apr, 2015",https://store.steampowered.com/app/220200/Kerbal_Space_Program/?snr=1_7_7_topsellers_150_18
Grim Dawn,"25 Feb, 2016",https://store.steampowered.com/app/219990/Grim_Dawn/?snr=1_7_7_topsellers_150_11
Don't Starve,,https://store.steampowered.com/app/219740/Dont_Starve/?snr=1_7_7_topsellers_150_13
Total War: ROME II - Emperor Edition,"3 Sep, 2013",https://store.steampowered.com/app/214950/Total_War_ROME_II__Emperor_Edition/?snr=1_7_7_topsellers_150_8
Alien: Isolation,"6 Oct, 2014",https://store.steampowered.com/app/214490/Alien_Isolation/?snr=1_7_7_topsellers_150_17
Starbound,"22 Jul, 2016",https://store.steampowered.com/app/211820/Starbound/?snr=1_7_7_topsellers_150_14
Batman: Arkham Origins,"25 Oct, 2013",https://store.steampowered.com/app/209000/Batman_Arkham_Origins/?snr=1_7_7_topsellers_150_17
Batman: Arkham Knight,"23 Jun, 2015",https://store.steampowered.com/app/208650/Batman_Arkham_Knight/?snr=1_7_7_topsellers_150_8
STAR WARS Knights of the Old Republic II - The Sith Lords,"23 Aug, 2012",https://store.steampowered.com/app/208580/STAR_WARS_Knights_of_the_Old_Republic_II__The_Sith_Lords/?snr=1_7_7_topsellers_150_15
The Walking Dead,"24 Apr, 2012",https://store.steampowered.com/app/207610/The_Walking_Dead/?snr=1_7_7_topsellers_150_13
holedown,"9 Apr, 2020",https://store.steampowered.com/app/1268370/holedown/?snr=1_7_7_topsellers_150_15
AI?Shoujo/AI???,"16 Mar, 2020",https://store.steampowered.com/app/1250650/AIShoujoAI/?snr=1_7_7_topsellers_150_10
Monster Hunter World: Iceborne - MHW:I Room Decor: Splendid Decor Set,"8 Apr, 2020",https://store.steampowered.com/app/1242760/Monster_Hunter_World_Iceborne__MHWI_Room_Decor_Splendid_Decor_Set/?snr=1_7_7_topsellers_150_9
Planet Zoo: South America Pack?,"7 Apr, 2020",https://store.steampowered.com/app/1238440/Planet_Zoo_South_America_Pack/?snr=1_7_7_topsellers_150_3
Borderlands 3: Season Pass,"13 Mar, 2020",https://store.steampowered.com/app/1233062/Borderlands_3_Season_Pass/?snr=1_7_7_topsellers_150_4
Borderlands 3: Moxxi's Heist of the Handsome Jackpot,"13 Mar, 2020",https://store.steampowered.com/app/1232256/Borderlands_3_Moxxis_Heist_of_the_Handsome_Jackpot/?snr=1_7_7_topsellers_150_12
Tom Clancy's Rainbow Six Siege - Year 5 Pass,"18 Feb, 2020",https://store.steampowered.com/app/1214420/Tom_Clancys_Rainbow_Six_Siege__Year_5_Pass/?snr=1_7_7_topsellers_150_4
The Elder Scrolls Online - Greymoor,18-May-20,https://store.steampowered.com/app/1205430/The_Elder_Scrolls_Online__Greymoor/?snr=1_7_7_topsellers_150_8
The Elder Scrolls Online - Greymoor,18-May-20,https://store.steampowered.com/app/1205430/The_Elder_Scrolls_Online__Greymoor/?snr=1_7_7_topsellers_150_7
The Elder Scrolls Online - Greymoor,18-May-20,https://store.steampowered.com/app/1205430/The_Elder_Scrolls_Online__Greymoor/?snr=1_7_7_topsellers_150_4
Making*Lovers,"3 Apr, 2020",https://store.steampowered.com/app/1200720/MakingLovers/?snr=1_7_7_topsellers_150_11
IL-2 Sturmovik: Battle of Bodenplatte,"3 Dec, 2019",https://store.steampowered.com/app/1198460/IL2_Sturmovik_Battle_of_Bodenplatte/?snr=1_7_7_topsellers_150_13
Planet Zoo: Arctic Pack,"17 Dec, 2019",https://store.steampowered.com/app/1196770/Planet_Zoo_Arctic_Pack/?snr=1_7_7_topsellers_150_9
Death Stranding,"2 Jun, 2020",https://store.steampowered.com/app/1190460/Death_Stranding/?snr=1_7_7_topsellers_150_11
Gears Tactics,"28 Apr, 2020",https://store.steampowered.com/app/1184050/Gears_Tactics/?snr=1_7_7_topsellers_150_9
Rust - Instruments,"5 Dec, 2019",https://store.steampowered.com/app/1174370/Rust__Instruments/?snr=1_7_7_topsellers_150_18
Red Dead Redemption 2,"5 Dec, 2019",https://store.steampowered.com/app/1174180/Red_Dead_Redemption_2/?snr=1_7_7_topsellers_150_1
STAR WARS Jedi: Fallen Order,"15 Nov, 2019",https://store.steampowered.com/app/1172380/STAR_WARS_Jedi_Fallen_Order/?snr=1_7_7_topsellers_150_3
Space Engineers - Decorative Pack #2,"24 Oct, 2019",https://store.steampowered.com/app/1167910/Space_Engineers__Decorative_Pack_2/?snr=1_7_7_topsellers_150_15
Expansion - Hearts of Iron IV: La Rsistance,"25 Feb, 2020",https://store.steampowered.com/app/1158100/Expansion__Hearts_of_Iron_IV_La_Rsistance/?snr=1_7_7_topsellers_150_12
DayZ Livonia,"3 Dec, 2019",https://store.steampowered.com/app/1151700/DayZ_Livonia/?snr=1_7_7_topsellers_150_10
Yu-Gi-Oh! Legacy of the Duelist : Link Evolution,"24 Mar, 2020",https://store.steampowered.com/app/1150640/YuGiOh_Legacy_of_the_Duelist__Link_Evolution/?snr=1_7_7_topsellers_150_7
Azur Lane Crosswave,"13 Feb, 2020",https://store.steampowered.com/app/1150080/Azur_Lane_Crosswave/?snr=1_7_7_topsellers_150_12
RimWorld - Royalty,"24 Feb, 2020",https://store.steampowered.com/app/1149640/RimWorld__Royalty/?snr=1_7_7_topsellers_150_3
Cities: Skylines - Sunset Harbor,"26 Mar, 2020",https://store.steampowered.com/app/1146930/Cities_Skylines__Sunset_Harbor/?snr=1_7_7_topsellers_150_8
Hades,"10 Dec, 2019",https://store.steampowered.com/app/1145360/Hades/?snr=1_7_7_topsellers_150_13
DRAGON BALL Z: KAKAROT Season Pass,"16 Jan, 2020",https://store.steampowered.com/app/1144646/DRAGON_BALL_Z_KAKAROT_Season_Pass/?snr=1_7_7_topsellers_150_14
Jurassic World Evolution: Return To Jurassic Park,"10 Dec, 2019",https://store.steampowered.com/app/1144410/Jurassic_World_Evolution_Return_To_Jurassic_Park/?snr=1_7_7_topsellers_150_15
Stellaris: Federations,"17 Mar, 2020",https://store.steampowered.com/app/1140001/Stellaris_Federations/?snr=1_7_7_topsellers_150_3
Space Engineers - Economy Deluxe,"22 Aug, 2019",https://store.steampowered.com/app/1135960/Space_Engineers__Economy_Deluxe/?snr=1_7_7_topsellers_150_17
Touhou Shoujo Tale of Beautiful Memories / ???????,"22 Aug, 2019",https://store.steampowered.com/app/1124060/Touhou_Shoujo_Tale_of_Beautiful_Memories/?snr=1_7_7_topsellers_150_19
Monster Hunter World: Iceborne,"9 Jan, 2020",https://store.steampowered.com/app/1118010/Monster_Hunter_World_Iceborne/?snr=1_7_7_topsellers_150_3
Train Sim World: Canadian National Oakville Subdivision: Hamilton - Oakville Route Add-On,"20 Feb, 2020",https://store.steampowered.com/app/1113820/Train_Sim_World_Canadian_National_Oakville_Subdivision_Hamilton__Oakville_Route_AddOn/?snr=1_7_7_topsellers_150_18
ARK: Genesis Season Pass,"8 Aug, 2019",https://store.steampowered.com/app/1113410/ARK_Genesis_Season_Pass/?snr=1_7_7_topsellers_150_3
American Truck Simulator - Utah,"7 Nov, 2019",https://store.steampowered.com/app/1104880/American_Truck_Simulator__Utah/?snr=1_7_7_topsellers_150_12
The Room VR: A Dark Matter,"26 Mar, 2020",https://store.steampowered.com/app/1104380/The_Room_VR_A_Dark_Matter/?snr=1_7_7_topsellers_150_12
Football Manager 2020,"19 Nov, 2019",https://store.steampowered.com/app/1100600/Football_Manager_2020/?snr=1_7_7_topsellers_150_4
DOOM Eternal - Year One Pass,Coming in 2020,https://store.steampowered.com/app/1098291/DOOM_Eternal__Year_One_Pass/?snr=1_7_7_topsellers_150_19
Planet Zoo: Deluxe Upgrade Pack,"5 Nov, 2019",https://store.steampowered.com/app/1098120/Planet_Zoo_Deluxe_Upgrade_Pack/?snr=1_7_7_topsellers_150_13
Cyberpunk 2077,"16 Sep, 2020",https://store.steampowered.com/app/1091500/Cyberpunk_2077/?snr=1_7_7_topsellers_150_4
Granblue Fantasy: Versus,"13 Mar, 2020",https://store.steampowered.com/app/1090630/Granblue_Fantasy_Versus/?snr=1_7_7_topsellers_150_5
Destiny 2: Shadowkeep,"1 Oct, 2019",https://store.steampowered.com/app/1090200/Destiny_2_Shadowkeep/?snr=1_7_7_topsellers_150_3
Destiny 2: Forsaken,"1 Oct, 2019",https://store.steampowered.com/app/1090150/Destiny_2_Forsaken/?snr=1_7_7_topsellers_150_5
Armored Brigade,"31 Oct, 2019",https://store.steampowered.com/app/1089840/Armored_Brigade/?snr=1_7_7_topsellers_150_15
NBA 2K20,"6 Sep, 2019",https://store.steampowered.com/app/1089350/NBA_2K20/?snr=1_7_7_topsellers_150_8
Mutant Year Zero: Seed of Evil,"30 Jul, 2019",https://store.steampowered.com/app/1088000/Mutant_Year_Zero_Seed_of_Evil/?snr=1_7_7_topsellers_150_4
Franchise Hockey Manager 6,"11 Oct, 2019",https://store.steampowered.com/app/1087270/Franchise_Hockey_Manager_6/?snr=1_7_7_topsellers_150_13
Project Zomboid,"8 Nov, 2013",https://store.steampowered.com/app/108600/Project_Zomboid/?snr=1_7_7_topsellers_150_14
Space Engineers - Style Pack,"6 Jun, 2019",https://store.steampowered.com/app/1084680/Space_Engineers__Style_Pack/?snr=1_7_7_topsellers_150_19
TT Isle of Man Ride on the Edge 2,"19 Mar, 2020",https://store.steampowered.com/app/1082180/TT_Isle_of_Man_Ride_on_the_Edge_2/?snr=1_7_7_topsellers_150_11
Ticket to Ride,"24 May, 2012",https://store.steampowered.com/app/108200/Ticket_to_Ride/?snr=1_7_7_topsellers_150_12
American Truck Simulator - Forest Machinery,"11 Jun, 2019",https://store.steampowered.com/app/1076080/American_Truck_Simulator__Forest_Machinery/?snr=1_7_7_topsellers_150_17
My Time At Portia - Player Attire Package,"15 Oct, 2019",https://store.steampowered.com/app/1075040/My_Time_At_Portia__Player_Attire_Package/?snr=1_7_7_topsellers_150_18
Total War: WARHAMMER II - The Hunter & The Beast,"11 Sep, 2019",https://store.steampowered.com/app/1074320/Total_War_WARHAMMER_II__The_Hunter__The_Beast/?snr=1_7_7_topsellers_150_16
DRAGON QUEST BUILDERS 2,"10 Dec, 2019",https://store.steampowered.com/app/1072420/DRAGON_QUEST_BUILDERS_2/?snr=1_7_7_topsellers_150_10
Panzer Corps 2,"19 Mar, 2020",https://store.steampowered.com/app/1072040/Panzer_Corps_2/?snr=1_7_7_topsellers_150_15
Biped,"26 Mar, 2020",https://store.steampowered.com/app/1071870/Biped/?snr=1_7_7_topsellers_150_12
The Procession to Calvary,"9 Apr, 2020",https://store.steampowered.com/app/1071130/The_Procession_to_Calvary/?snr=1_7_7_topsellers_150_17
Transport Fever 2,"11 Dec, 2019",https://store.steampowered.com/app/1066780/Transport_Fever_2/?snr=1_7_7_topsellers_150_15
Halo: Reach,"3 Dec, 2019",https://store.steampowered.com/app/1064220/Halo_Reach/?snr=1_7_7_topsellers_150_16
New World,"25 Aug, 2020",https://store.steampowered.com/app/1063730/New_World/?snr=1_7_7_topsellers_150_2
New World,"25 Aug, 2020",https://store.steampowered.com/app/1063730/New_World/?snr=1_7_7_topsellers_150_2
New World,"25 Aug, 2020",https://store.steampowered.com/app/1063730/New_World/?snr=1_7_7_topsellers_150_1
New World,"25 Aug, 2020",https://store.steampowered.com/app/1063730/New_World/?snr=1_7_7_topsellers_150_1
Valve Index Controllers,"28 Jun, 2019",https://store.steampowered.com/app/1059550/Valve_Index_Controllers/?snr=1_7_7_topsellers_150_14
Ori and the Will of the Wisps,"10 Mar, 2020",https://store.steampowered.com/app/1057090/Ori_and_the_Will_of_the_Wisps/?snr=1_7_7_topsellers_150_3
Euro Truck Simulator 2 - Road to the Black Sea,"5 Dec, 2019",https://store.steampowered.com/app/1056760/Euro_Truck_Simulator_2__Road_to_the_Black_Sea/?snr=1_7_7_topsellers_150_19
Terraria,"16 May, 2011",https://store.steampowered.com/app/105600/Terraria/?snr=1_7_7_topsellers_150_4
Terraria,"16 May, 2011",https://store.steampowered.com/app/105600/Terraria/?snr=1_7_7_topsellers_150_4
A Short Hike,"30 Jul, 2019",https://store.steampowered.com/app/1055540/A_Short_Hike/?snr=1_7_7_topsellers_150_14
Age of Empires III: Complete Collection,"5 Jan, 2012",https://store.steampowered.com/app/105450/Age_of_Empires_III_Complete_Collection/?snr=1_7_7_topsellers_150_11
Space Engineers - Decorative Pack,"8 Apr, 2019",https://store.steampowered.com/app/1049790/Space_Engineers__Decorative_Pack/?snr=1_7_7_topsellers_150_15
Power & Revolution 2019 Edition,"12 Mar, 2019",https://store.steampowered.com/app/1029630/Power__Revolution_2019_Edition/?snr=1_7_7_topsellers_150_15
Warhammer Underworlds: Online,"28 Jan, 2020",https://store.steampowered.com/app/1022310/Warhammer_Underworlds_Online/?snr=1_7_7_topsellers_150_18
Age of Empires: Definitive Edition,"19 Aug, 2019",https://store.steampowered.com/app/1017900/Age_of_Empires_Definitive_Edition/?snr=1_7_7_topsellers_150_16
FINAL FANTASY XIV: Shadowbringers,"2 Jul, 2019",https://store.steampowered.com/app/1016870/FINAL_FANTASY_XIV_Shadowbringers/?snr=1_7_7_topsellers_150_3
Chernobylite,"16 Oct, 2019",https://store.steampowered.com/app/1016800/Chernobylite/?snr=1_7_7_topsellers_150_19
American Truck Simulator - Washington,"11 Jun, 2019",https://store.steampowered.com/app/1015160/American_Truck_Simulator__Washington/?snr=1_7_7_topsellers_150_7
SWORD ART ONLINE Alicization Lycoris,,https://store.steampowered.com/app/1009290/SWORD_ART_ONLINE_Alicization_Lycoris/?snr=1_7_7_topsellers_150_7
Call of Duty: World at War,"18 Nov, 2008",https://store.steampowered.com/app/10090/Call_of_Duty_World_at_War/?snr=1_7_7_topsellers_150_12
The Jackbox Party Pack 6,"16 Oct, 2019",https://store.steampowered.com/app/1005300/The_Jackbox_Party_Pack_6/?snr=1_7_7_topsellers_150_2
The Jackbox Party Pack 6,"16 Oct, 2019",https://store.steampowered.com/app/1005300/The_Jackbox_Party_Pack_6/?snr=1_7_7_topsellers_150_1